0.000000000000000000e+00,3.029043023608242180e-01,9.466476502518261782e-01,6.109720670051332903e-01,5.586236323191218212e-01,2.888412874648553785e-01,6.380310677411464848e-01,6.535576575786476994e-01,0.000000000000000000e+00,4.068783972597159182e-01,0.000000000000000000e+00,0.000000000000000000e+00,0.000000000000000000e+00,0.000000000000000000e+00,3.658954609081149223e-01,7.424021901379884714e-01,0.000000000000000000e+00,5.624782669790918677e-01,2.559024551706645112e-01,6.944296775859954973e-01,2.818121848566282894e-01,8.338384936455973673e-01,3.884078395554265706e-01,5.339123888926075034e-01,4.692324649173116868e-01,0.000000000000000000e+00,6.151311794940433897e-01,0.000000000000000000e+00,7.668595919472231959e-01,0.000000000000000000e+00,4.483229102586367976e-01,5.693409047904705034e-01,3.744216328758654955e-01,7.888428068992084929e-01,4.363368706937637009e-01
7.422279581839427154e-01,8.091136687230658930e-01,9.466476502518261782e-01,8.269856516772187138e-01,6.119108828408956757e-01,3.209347638498393218e-01,8.000468933594798715e-01,8.300736795810343960e-01,6.821357089647629435e-01,6.996389335895678574e-01,9.038330095080068238e-01,8.520523033731228768e-01,6.563978184136133320e-01,3.791212873018692808e-01,8.171402761929140723e-01,7.424021901379884714e-01,5.625889998661151026e-01,6.206339031819672059e-01,6.841262282421795016e-01,9.424421905425224288e-01,6.604431046865166799e-01,3.644103282239080088e-01,4.757067835167705927e-01,9.416356489534487562e-01,5.351418422244438311e-01,6.683795466757500581e-01,8.394539764135775517e-01,6.787988756459547579e-01,7.158037432934578614e-01,4.875914289131814128e-01,5.269258251334432153e-01,8.975814968778033087e-01,3.853744112384476783e-01,7.888428068992084929e-01,4.792368509189263159e-01
8.088404464518366144e-01,8.091136687230658930e-01,9.466476502518261782e-01,9.276629390169950362e-01,6.054914123120997971e-01,6.838233959830604114e-01,8.000468933594798715e-01,9.003816897686290899e-01,6.821357089647629435e-01,8.028386830633853499e-01,7.994865173606244824e-01,8.520523033731228768e-01,6.289190514546686428e-01,7.139676488668065257e-01,4.775098110339772162e-01,7.924542508081744430e-01,5.339307738946589277e-01,5.025099444871554688e-01,6.841262282421795016e-01,7.504488564044612398e-01,5.813830232589582980e-01,8.627178063404604691e-01,9.192482881295761521e-01,9.468060130852975487e-01,6.677913710256486723e-01,8.081483955139356912e-01,7.862021054123848884e-01,9.537107662329064039e-01,7.158037432934578614e-01,8.215258645754390798e-01,7.778091073879656037e-01,8.509209083059218193e-01,5.486534290260542956e-01,7.350884613689474545e-01,4.817525567638907269e-01
5.358856517095020866e-01,6.006646110623609092e-01,9.504063524536215946e-01,8.348836526534002545e-01,8.251243074170541147e-01,6.821222778825409838e-01,9.310856114835731612e-01,8.435625437245655167e-01,9.548644569224864487e-01,5.581716919450043779e-01,7.994865173606244824e-01,8.520523033731228768e-01,7.520236917560801926e-01,7.032008846006212455e-01,4.775098110339772162e-01,7.924542508081744430e-01,8.108934349029124355e-01,5.624388586574852189e-01,7.470704990662271339e-01,7.009681966084412297e-01,8.183120642216579199e-01,8.627178063404604691e-01,8.320759935479451475e-01,9.468060130852975487e-01,6.371232512543333337e-01,7.077008330786465073e-01,5.309374453499583479e-01,9.537107662329064039e-01,8.168924681739462290e-01,8.320970299588934527e-01,8.003402705467852485e-01,8.509209083059218193e-01,7.100309491791740868e-01,8.255315791355604116e-01,6.360489496096626283e-01
4.822970865385516892e-01,7.636709124406795279e-01,8.379084852925355875e-01,8.348836526534002545e-01,8.251243074170541147e-01,6.913093188144375789e-01,9.310834286239112467e-01,8.435625437245655167e-01,9.548644569224864487e-01,8.967135747180912109e-01,8.230417136439424075e-01,8.520523033731228768e-01,6.670599975370747892e-01,6.809530321035702771e-01,4.775098110339772162e-01,7.924542508081744430e-01,8.402582944800982556e-01,5.071835677321377966e-01,3.386432535909551511e-01,8.262640257834332758e-01,8.183120642216579199e-01,8.627178063404604691e-01,4.577549373861913851e-01,9.468060130852975487e-01,7.021588814686776647e-01,7.215455178054603902e-01,6.826338583070892252e-01,9.537107662329064039e-01,8.168924681739462290e-01,8.329872861485018154e-01,8.825900473426268045e-01,8.488304353688501669e-01,7.100309491791740868e-01,8.208653838698416472e-01,8.339150270204570559e-01
6.300088713518563477e-01,4.476684798886660377e-01,9.010582894570632329e-01,7.417625879453138005e-01,8.624830889533515732e-01,6.913093188144375789e-01,9.506291492424532308e-01,8.009407017396118489e-01,9.538929041500382455e-01,4.497457664640893693e-01,8.237584508448452247e-01,8.212522884469216633e-01,6.384844050756122158e-01,8.408348593224297396e-01,4.775098110339772162e-01,7.959508951676361743e-01,4.418942667120852041e-01,6.025587417236052401e-01,3.386432535909551511e-01,6.695351838798944133e-01,8.183120642216579199e-01,8.903612505693807577e-01,7.417470110165143016e-01,9.526667566342927884e-01,7.335099651930653275e-01,6.046754320148969297e-01,6.915296092700784492e-01,9.537107662329064039e-01,8.994680157725127856e-01,9.519854698840020113e-01,8.255703890531365108e-01,8.524672326031135228e-01,7.142716390481433919e-01,8.208653838698416472e-01,9.458333761627307767e-01
6.652279642900599255e-01,6.458548857276070754e-01,9.010582894570632329e-01,8.233089304602414504e-01,6.920965523988056312e-01,6.913093188144375789e-01,8.341240101112470384e-01,9.010582894570632329e-01,9.538929041500382455e-01,7.297058128410034428e-01,9.562906367288449561e-01,8.139333040130369845e-01,7.587764532666697592e-01,7.075711509235290686e-01,5.156954985969839367e-01,8.373187084013542503e-01,4.418942667120852041e-01,7.156822813495522517e-01,8.177035160633301381e-01,7.638043248551745767e-01,8.183120642216579199e-01,8.303991055704963431e-01,7.417470110165143016e-01,9.159546453001715660e-01,6.054273246462280600e-01,5.759673009821779655e-01,8.048127504482276429e-01,9.522054155995711699e-01,9.194525730635532135e-01,9.519854698840020113e-01,8.911712917437665249e-01,9.549342397899563961e-01,5.704085494365551678e-01,7.901387879272516734e-01,7.642663903678069692e-01
8.411054128998496360e-01,5.776751930503157828e-01,9.033890782490712201e-01,8.233089304602414504e-01,8.639519359865659442e-01,8.027865614998503929e-01,8.341240101112470384e-01,9.010582894570632329e-01,9.380098909907983451e-01,7.035404368352650151e-01,9.361642194693088337e-01,8.139333040130369845e-01,9.416527032222358207e-01,7.880467110217914684e-01,4.798932494343760013e-01,8.373187084013542503e-01,4.418942667120852041e-01,7.156822813495522517e-01,8.177035160633301381e-01,7.433435973834362498e-01,8.183120642216579199e-01,8.303991055704963431e-01,8.454381015946542677e-01,7.436161401735738030e-01,8.097466048870411992e-01,6.046355267692623547e-01,8.048127504482276429e-01,9.541271973933439510e-01,9.482038566374232369e-01,9.462952394414547719e-01,6.236995020564239933e-01,8.553567502605974315e-01,5.704085494365551678e-01,7.901387879272516734e-01,8.390037890102758356e-01
8.382402229075522904e-01,7.359511787260029081e-01,9.033890782490712201e-01,9.536150817670352442e-01,6.530840474869554768e-01,8.250797541977963334e-01,8.341240101112470384e-01,9.560143099765745500e-01,9.533282463799441775e-01,7.462898145918004378e-01,9.594614553964708747e-01,8.196142949098940145e-01,8.525855900534997645e-01,8.211972924430260834e-01,5.209197938552477813e-01,8.373187084013542503e-01,5.032783703555292476e-01,8.218726590118295983e-01,8.177035160633301381e-01,8.486714720613051099e-01,8.197838877310469341e-01,7.215603086789437182e-01,9.580001085053567733e-01,7.436161401735738030e-01,8.097466048870411992e-01,6.046355267692623547e-01,7.637751001920154437e-01,8.499311441990569094e-01,9.514176310926163449e-01,9.314112703338222055e-01,7.093950675522153748e-01,9.567057350626679835e-01,6.908625329463915499e-01,8.274638248959753639e-01,8.390037890102758356e-01
9.576708978628003521e-01,8.177235319177811323e-01,9.530462699768270651e-01,9.536150817670352442e-01,6.559013797700812276e-01,5.379064847835516305e-01,8.455667418633524557e-01,9.213203343179016125e-01,6.299554205553038466e-01,7.462898145918004378e-01,9.659423312043183829e-01,8.941246853562478947e-01,9.287825413653547635e-01,8.211972924430260834e-01,6.965084325256423181e-01,8.373187084013542503e-01,4.573508365190893099e-01,9.166007301836431864e-01,8.177035160633301381e-01,8.486714720613051099e-01,8.984182948925752976e-01,7.215603086789437182e-01,9.534681020691812003e-01,7.175820818257341305e-01,8.097466048870411992e-01,8.109457349031991003e-01,7.637751001920154437e-01,8.499311441990569094e-01,9.514176310926163449e-01,9.314112703338222055e-01,8.648829239565283267e-01,9.538249741663749059e-01,8.378873352944677944e-01,7.955911205003248776e-01,8.497748658256347731e-01
9.576708978628003521e-01,8.177235319177811323e-01,9.530462699768270651e-01,9.589768982412080200e-01,8.332062240831344946e-01,5.379064847835516305e-01,8.341240101112470384e-01,9.485385436196127618e-01,6.423293085250927348e-01,8.090526883615849485e-01,9.659423312043183829e-01,8.941246853562478947e-01,9.287825413653547635e-01,8.192106110092969296e-01,5.559436574864824454e-01,8.403909520516399390e-01,6.794940177463557607e-01,9.166007301836431864e-01,8.244614996562706910e-01,9.547554060689682487e-01,8.984182948925752976e-01,7.579229384691441584e-01,9.534681020691812003e-01,7.176291450964356056e-01,8.455667418633524557e-01,9.267951256036558449e-01,7.637751001920154437e-01,8.443990592707601994e-01,9.089158543348495600e-01,9.504035099745283821e-01,8.709826757853277313e-01,9.538249741663749059e-01,9.433664820933751471e-01,8.296018421263502418e-01,8.497748658256347731e-01
9.576708978628003521e-01,8.177235319177811323e-01,9.530462699768270651e-01,9.546177408751087556e-01,6.979068113299999876e-01,7.239035225800193318e-01,8.455667418633524557e-01,9.485385436196127618e-01,9.568247498917668015e-01,8.090526883615849485e-01,9.659423312043183829e-01,9.363093901282711906e-01,9.398201501318121931e-01,8.387929251718257984e-01,6.258226773925843478e-01,8.373187084013542503e-01,7.981352371284468061e-01,9.421390194713528121e-01,8.257350372097977953e-01,9.634987846139183576e-01,9.518107566772091577e-01,7.579229384691441584e-01,9.517795598609032348e-01,8.048307739949320805e-01,8.455667418633524557e-01,9.267951256036558449e-01,8.396018217358350855e-01,8.689275553152958631e-01,9.089158543348495600e-01,9.472269369900684355e-01,8.185012455557290068e-01,9.455067741531578696e-01,8.983232254177596632e-01,8.296018421263502418e-01,8.497748658256347731e-01
8.295267600776028427e-01,8.177235319177811323e-01,9.535080491516263468e-01,9.546177408751087556e-01,6.979068113299999876e-01,7.239035225800193318e-01,8.455667418633524557e-01,9.223964666068011908e-01,9.568247498917668015e-01,9.453797650574845557e-01,9.593696955663332249e-01,9.508119160156144334e-01,7.873576449909325259e-01,9.358053444246083874e-01,6.965084325256423181e-01,9.568726944354492003e-01,8.358941924197629270e-01,9.421390194713528121e-01,8.257350372097977953e-01,9.362856637365207790e-01,9.518107566772091577e-01,8.427414192225640699e-01,9.599493066278907971e-01,8.048307739949320805e-01,8.455667418633524557e-01,9.267951256036558449e-01,8.396018217358350855e-01,9.251883512711127633e-01,9.001603154963220277e-01,9.472269369900684355e-01,8.185012455557290068e-01,9.455067741531578696e-01,8.983232254177596632e-01,8.302094657647447473e-01,8.497748658256347731e-01
9.596885249628224202e-01,9.083894513953080230e-01,9.535080491516263468e-01,9.094682755045672140e-01,7.140915183730165428e-01,7.239035225800193318e-01,8.455667418633524557e-01,9.223964666068011908e-01,9.574329425141607786e-01,9.220987620675971108e-01,9.595415275977904335e-01,9.508119160156144334e-01,8.503473846576198314e-01,9.362406982963396018e-01,7.773776950672971475e-01,9.585985994655575881e-01,8.244806665445870708e-01,9.579358377813720349e-01,8.246855941274806590e-01,8.383502370279588556e-01,9.518107566772091577e-01,9.480840966253843982e-01,9.506159297683239862e-01,5.683501537615203159e-01,9.599060855207496301e-01,9.267951256036558449e-01,8.033823328146096898e-01,9.602074464555641065e-01,9.552830204639457534e-01,9.472269369900684355e-01,8.185012455557290068e-01,6.732808294587365738e-01,9.387070565592692262e-01,9.605518604769825997e-01,8.468092448055194454e-01
9.596885249628224202e-01,9.172673828092650083e-01,9.535080491516263468e-01,9.601327071667720148e-01,8.541614644274001522e-01,8.273183115200222204e-01,9.663619907009743937e-01,9.223964666068011908e-01,9.574329425141607786e-01,9.220987620675971108e-01,9.595415275977904335e-01,9.508119160156144334e-01,9.540071780742491736e-01,9.362406982963396018e-01,7.773776950672971475e-01,9.585985994655575881e-01,9.584408373195664188e-01,9.579358377813720349e-01,8.246855941274806590e-01,8.383502370279588556e-01,9.518107566772091577e-01,7.725230906765602201e-01,9.534371020545322484e-01,5.683501537615203159e-01,9.599060855207496301e-01,9.411048470576316438e-01,8.514093579871175876e-01,9.617127730604756453e-01,9.085196706157168123e-01,9.047097607663956431e-01,8.445628097250459376e-01,9.479837832496148531e-01,9.387070565592692262e-01,9.605518604769825997e-01,9.440255063909628319e-01
9.596885249628224202e-01,9.183409323842127714e-01,9.534820922198984361e-01,9.601327071667720148e-01,8.574536815334893314e-01,8.273183115200222204e-01,9.663619907009743937e-01,9.213116041076312435e-01,8.359358164577688211e-01,9.457876295162291891e-01,9.595415275977904335e-01,9.364042534447831745e-01,9.540071780742491736e-01,9.354708803833957642e-01,8.145824406928503514e-01,9.585985994655575881e-01,9.584408373195664188e-01,9.381671427001090358e-01,9.103405687570440552e-01,9.455368446065367527e-01,9.518107566772091577e-01,9.553382916900031718e-01,9.534371020545322484e-01,6.674454824525164476e-01,9.599060855207496301e-01,8.672125104596516421e-01,9.541897055255867954e-01,9.617127730604756453e-01,9.326041305694642292e-01,9.047097607663956431e-01,8.232290582310122229e-01,9.614557063407603854e-01,9.536653570649780143e-01,9.605518604769825997e-01,9.159829822916667474e-01
9.596885249628224202e-01,9.183409323842127714e-01,9.534820922198984361e-01,9.601327071667720148e-01,9.265102047285675990e-01,8.273183115200222204e-01,9.663619907009743937e-01,9.378299546798803954e-01,8.536728014310194235e-01,9.457876295162291891e-01,9.595415275977904335e-01,9.364042534447831745e-01,9.540071780742491736e-01,9.354708803833957642e-01,8.145824406928503514e-01,8.464664079799388841e-01,9.275407498626604408e-01,9.579358377813720349e-01,9.103405687570440552e-01,9.455368446065367527e-01,9.529570456987184190e-01,9.553382916900031718e-01,9.534371020545322484e-01,6.306206139829051427e-01,9.599060855207496301e-01,8.289910056537483918e-01,9.541897055255867954e-01,9.617127730604756453e-01,8.934003336161475683e-01,9.047097607663956431e-01,8.232290582310122229e-01,9.614557063407603854e-01,9.536653570649780143e-01,9.605518604769825997e-01,9.515321787669948073e-01
9.596885249628224202e-01,9.183409323842127714e-01,9.534820922198984361e-01,8.789244538336582480e-01,9.482060214235980000e-01,8.273183115200222204e-01,9.663619907009743937e-01,9.371406858248627625e-01,9.493514889747971530e-01,9.457876295162291891e-01,9.595415275977904335e-01,9.364042534447831745e-01,9.540071780742491736e-01,9.354708803833957642e-01,8.315936118783242570e-01,9.131431619195800042e-01,9.402674103690917828e-01,9.491713621039408189e-01,9.103405687570440552e-01,9.446931850644674222e-01,9.529570456987184190e-01,9.553382916900031718e-01,9.548765561607044372e-01,6.899254160206444997e-01,9.599060855207496301e-01,9.487154949848290997e-01,9.123274271803883950e-01,9.617127730604756453e-01,8.934003336161475683e-01,9.408567939232449495e-01,8.232290582310122229e-01,9.361875602003187913e-01,8.491626476173523841e-01,9.605518604769825997e-01,9.515321787669948073e-01
9.596885249628224202e-01,9.202137489002352178e-01,9.534820922198984361e-01,9.254622131337495450e-01,8.540326709537798822e-01,8.273183115200222204e-01,9.663619907009743937e-01,9.371406858248627625e-01,9.597691356832676046e-01,9.579571187687078160e-01,9.595415275977904335e-01,9.507927986018107624e-01,9.527349073417668013e-01,9.411790900552443606e-01,8.555885193577443815e-01,9.131431619195800042e-01,9.402674103690917828e-01,9.585614791124660305e-01,9.103405687570440552e-01,9.446931850644674222e-01,9.286559756767960305e-01,9.553382916900031718e-01,9.548765561607044372e-01,6.292911255361245404e-01,9.599060855207496301e-01,9.487154949848290997e-01,9.555680406749932354e-01,9.617127730604756453e-01,8.585628413857384622e-01,9.408567939232449495e-01,8.925551196425725031e-01,9.361875602003187913e-01,9.387070565592692262e-01,9.605518604769825997e-01,9.515321787669948073e-01
9.596885249628224202e-01,9.222866558136544324e-01,9.534820922198984361e-01,9.093069320776644426e-01,9.533977001588136435e-01,7.245607839654288895e-01,9.663619907009743937e-01,9.577242871619859876e-01,9.597691356832676046e-01,9.579571187687078160e-01,9.595415275977904335e-01,9.507927986018107624e-01,9.533118711296564296e-01,9.592597375235651924e-01,9.254667346513499870e-01,9.582197969277046479e-01,9.364549441876270919e-01,9.585614791124660305e-01,9.103405687570440552e-01,9.446931850644674222e-01,9.286559756767960305e-01,9.553382916900031718e-01,9.548765561607044372e-01,7.884861897378795392e-01,9.599060855207496301e-01,9.487154949848290997e-01,9.555680406749932354e-01,9.619549174480019893e-01,8.964046474253520858e-01,9.408567939232449495e-01,8.925551196425725031e-01,9.364300827679443717e-01,9.387070565592692262e-01,9.605518604769825997e-01,9.526604004062093622e-01
9.597040278277674252e-01,9.222866558136544324e-01,9.534820922198984361e-01,9.605518604769825997e-01,9.395047458760703574e-01,7.245607839654288895e-01,9.663619907009743937e-01,9.223964666068011908e-01,9.597691356832676046e-01,9.265745165938428229e-01,9.595415275977904335e-01,9.506544835920716086e-01,9.533118711296564296e-01,9.592597375235651924e-01,9.254667346513499870e-01,9.582197969277046479e-01,9.364549441876270919e-01,9.534999850788867803e-01,9.016358730520775966e-01,9.405032209947495891e-01,9.286559756767960305e-01,8.436650103978213799e-01,9.548765561607044372e-01,8.503199141197284039e-01,9.599060855207496301e-01,9.487154949848290997e-01,9.555680406749932354e-01,9.619549174480019893e-01,8.964046474253520858e-01,9.573579655090848073e-01,9.609938962412916119e-01,9.528296535863806094e-01,9.374099427587869737e-01,9.605518604769825997e-01,9.526604004062093622e-01
9.597040278277674252e-01,9.381387503444308384e-01,9.455368446065367527e-01,9.605518604769825997e-01,9.515604652097832128e-01,9.577054086377013720e-01,9.663619907009743937e-01,9.461254753392172034e-01,9.602401828830637864e-01,9.265745165938428229e-01,9.595415275977904335e-01,9.506544835920716086e-01,9.533118711296564296e-01,9.592597375235651924e-01,9.471252611122455978e-01,9.582197969277046479e-01,9.448372470009803736e-01,9.534999850788867803e-01,9.016358730520775966e-01,9.219672741094088186e-01,9.286559756767960305e-01,8.436650103978213799e-01,9.556024733329562260e-01,7.096314912227080773e-01,9.599060855207496301e-01,9.487154949848290997e-01,9.566418655028559037e-01,9.619549174480019893e-01,8.964046474253520858e-01,9.573579655090848073e-01,9.104631021745072106e-01,9.528296535863806094e-01,9.374099427587869737e-01,9.605518604769825997e-01,9.526604004062093622e-01
9.597040278277674252e-01,9.381387503444308384e-01,9.455368446065367527e-01,9.605518604769825997e-01,9.593615732495464066e-01,9.517168502125440410e-01,9.663619907009743937e-01,9.461254753392172034e-01,9.161437842613382454e-01,9.265745165938428229e-01,9.595415275977904335e-01,9.507927986018107624e-01,9.463423154576058316e-01,9.592597375235651924e-01,9.477898347050416339e-01,9.582197969277046479e-01,9.448372470009803736e-01,9.534999850788867803e-01,9.016358730520775966e-01,9.246802220065839517e-01,9.286559756767960305e-01,8.436650103978213799e-01,9.556024733329562260e-01,7.096314912227080773e-01,9.599060855207496301e-01,9.487154949848290997e-01,9.580451302040512429e-01,9.551767023844875970e-01,9.129660813247908457e-01,9.573579655090848073e-01,9.104631021745072106e-01,9.579685711612478949e-01,9.492423840252147693e-01,9.599060855207496301e-01,9.593801841708874401e-01
9.456173857297496266e-01,9.381387503444308384e-01,9.455368446065367527e-01,9.254622131337495450e-01,9.593615732495464066e-01,9.517168502125440410e-01,9.663619907009743937e-01,9.461254753392172034e-01,9.416960561997992363e-01,9.265745165938428229e-01,9.595415275977904335e-01,9.507927986018107624e-01,9.472926845938307583e-01,9.632357313065815774e-01,8.472577260224525286e-01,9.582197969277046479e-01,9.448372470009803736e-01,9.534999850788867803e-01,9.016358730520775966e-01,9.246802220065839517e-01,9.286559756767960305e-01,8.436650103978213799e-01,9.549280631933656505e-01,7.223752102859475333e-01,9.599060855207496301e-01,9.487154949848290997e-01,9.580451302040512429e-01,9.551767023844875970e-01,9.209686059577970596e-01,9.572853197180771767e-01,9.258600186681832378e-01,9.579685711612478949e-01,9.530847323354083578e-01,9.599060855207496301e-01,9.593801841708874401e-01
9.456173857297496266e-01,9.381387503444308384e-01,9.455368446065367527e-01,9.254622131337495450e-01,9.644034387754687465e-01,9.517168502125440410e-01,9.289649760099312203e-01,9.461254753392172034e-01,9.416960561997992363e-01,9.265745165938428229e-01,9.595415275977904335e-01,9.507927986018107624e-01,9.472926845938307583e-01,9.632357313065815774e-01,8.472577260224525286e-01,9.582197969277046479e-01,9.448372470009803736e-01,9.534999850788867803e-01,9.016358730520775966e-01,9.246802220065839517e-01,9.286559756767960305e-01,8.436650103978213799e-01,9.549280631933656505e-01,7.096314912227080773e-01,9.599060855207496301e-01,9.487154949848290997e-01,9.580451302040512429e-01,9.551767023844875970e-01,9.129660813247908457e-01,9.572853197180771767e-01,9.258600186681832378e-01,9.579685711612478949e-01,9.530847323354083578e-01,9.599060855207496301e-01,9.593801841708874401e-01
9.456173857297496266e-01,9.381387503444308384e-01,9.343632444852627561e-01,9.254622131337495450e-01,9.644034387754687465e-01,9.248273768562671471e-01,9.663619907009743937e-01,9.542660435583928402e-01,9.419870030903295666e-01,9.265745165938428229e-01,9.595415275977904335e-01,9.506544835920716086e-01,8.391938387417837708e-01,9.632357313065815774e-01,8.472577260224525286e-01,9.582197969277046479e-01,9.448372470009803736e-01,9.531468041161683669e-01,9.588266668237311885e-01,9.246802220065839517e-01,9.286559756767960305e-01,9.582197969277046479e-01,9.556781403712687473e-01,9.561632983454172452e-01,9.599060855207496301e-01,9.487154949848290997e-01,9.580451302040512429e-01,9.551767023844875970e-01,9.209686059577970596e-01,9.572853197180771767e-01,9.265893961955419256e-01,9.579685711612478949e-01,9.530847323354083578e-01,9.599060855207496301e-01,9.593801841708874401e-01
9.456173857297496266e-01,9.368224914075555798e-01,9.491523682181087773e-01,9.605518604769825997e-01,9.644034387754687465e-01,9.524338383942951847e-01,9.663619907009743937e-01,9.542660435583928402e-01,9.599060855207496301e-01,9.533895828761635993e-01,9.595415275977904335e-01,9.502499350945482481e-01,8.391938387417837708e-01,9.632357313065815774e-01,9.159076957463455626e-01,9.582197969277046479e-01,9.448372470009803736e-01,9.531468041161683669e-01,9.588266668237311885e-01,9.246802220065839517e-01,9.286559756767960305e-01,9.582197969277046479e-01,9.556781403712687473e-01,9.561632983454172452e-01,9.599060855207496301e-01,9.487154949848290997e-01,9.580451302040512429e-01,9.551767023844875970e-01,9.547029630493893970e-01,9.572853197180771767e-01,9.217241656046434306e-01,9.580061162170667721e-01,9.492423840252147693e-01,9.599060855207496301e-01,9.593801841708874401e-01
9.456366527340164252e-01,9.368224914075555798e-01,9.491523682181087773e-01,9.605518604769825997e-01,9.644034387754687465e-01,9.248273768562671471e-01,9.663619907009743937e-01,9.542660435583928402e-01,9.599060855207496301e-01,9.533895828761635993e-01,9.595415275977904335e-01,8.661039588259130673e-01,8.391938387417837708e-01,9.367398899915507782e-01,9.159076957463455626e-01,9.582197969277046479e-01,9.448372470009803736e-01,9.531445118769346081e-01,9.588266668237311885e-01,9.246802220065839517e-01,9.286559756767960305e-01,9.582197969277046479e-01,9.556781403712687473e-01,9.561632983454172452e-01,9.599060855207496301e-01,9.487154949848290997e-01,9.580451302040512429e-01,9.551767023844875970e-01,9.547029630493893970e-01,9.572853197180771767e-01,9.478443966743304028e-01,9.580061162170667721e-01,9.492423840252147693e-01,9.599060855207496301e-01,9.593801841708874401e-01
9.577830977428840598e-01,9.368224914075555798e-01,9.491523682181087773e-01,9.605518604769825997e-01,9.644034387754687465e-01,9.248273768562671471e-01,9.663619907009743937e-01,9.586125857623047919e-01,9.599060855207496301e-01,9.533895828761635993e-01,9.595415275977904335e-01,8.661039588259130673e-01,8.391938387417837708e-01,9.367398899915507782e-01,9.159076957463455626e-01,9.582197969277046479e-01,9.448372470009803736e-01,9.531445118769346081e-01,9.588266668237311885e-01,9.246802220065839517e-01,9.286559756767960305e-01,9.582197969277046479e-01,9.556781403712687473e-01,9.561632983454172452e-01,9.599060855207496301e-01,9.487154949848290997e-01,9.580451302040512429e-01,9.551767023844875970e-01,9.547029630493893970e-01,9.572853197180771767e-01,9.478443966743304028e-01,9.580061162170667721e-01,9.492423840252147693e-01,9.599060855207496301e-01,9.663619907009743937e-01
9.577830977428840598e-01,9.368224914075555798e-01,9.393151978553302417e-01,9.605518604769825997e-01,9.644034387754687465e-01,9.248273768562671471e-01,9.663619907009743937e-01,9.586125857623047919e-01,9.599060855207496301e-01,9.533895828761635993e-01,9.595415275977904335e-01,8.661039588259130673e-01,8.391938387417837708e-01,9.367398899915507782e-01,9.159076957463455626e-01,9.582197969277046479e-01,9.448372470009803736e-01,9.531445118769346081e-01,9.535310134575627483e-01,9.246802220065839517e-01,9.286559756767960305e-01,9.582197969277046479e-01,9.556781403712687473e-01,9.561632983454172452e-01,9.599060855207496301e-01,9.523358017119664121e-01,9.580451302040512429e-01,9.551767023844875970e-01,9.547029630493893970e-01,9.577161309854408389e-01,9.486842590344579662e-01,9.580061162170667721e-01,9.492423840252147693e-01,9.599060855207496301e-01,9.663619907009743937e-01
9.577830977428840598e-01,9.344477486468791838e-01,9.393151978553302417e-01,9.605518604769825997e-01,9.522594643076949250e-01,9.248273768562671471e-01,9.663619907009743937e-01,9.586125857623047919e-01,9.599060855207496301e-01,9.533895828761635993e-01,9.595415275977904335e-01,8.661039588259130673e-01,9.424959507621287758e-01,9.562672846356975453e-01,9.159076957463455626e-01,9.582197969277046479e-01,9.448372470009803736e-01,9.531445118769346081e-01,9.535310134575627483e-01,9.246802220065839517e-01,9.286559756767960305e-01,9.582197969277046479e-01,9.556781403712687473e-01,6.065797979860225730e-01,9.599060855207496301e-01,9.523358017119664121e-01,9.513306292657828234e-01,9.551767023844875970e-01,9.547029630493893970e-01,9.575714866635921529e-01,9.486842590344579662e-01,9.581065048648967908e-01,9.492423840252147693e-01,9.599060855207496301e-01,9.663619907009743937e-01
9.577830977428840598e-01,9.344477486468791838e-01,9.497342337087107955e-01,9.605518604769825997e-01,9.522594643076949250e-01,9.248273768562671471e-01,9.663619907009743937e-01,9.586125857623047919e-01,9.599604500509082428e-01,9.533895828761635993e-01,9.595415275977904335e-01,8.661039588259130673e-01,9.424959507621287758e-01,9.562672846356975453e-01,9.159076957463455626e-01,9.582197969277046479e-01,9.448372470009803736e-01,9.531445118769346081e-01,9.534623303422944396e-01,9.246802220065839517e-01,9.286559756767960305e-01,9.582197969277046479e-01,9.556781403712687473e-01,6.065797979860225730e-01,9.599060855207496301e-01,9.523358017119664121e-01,9.513306292657828234e-01,9.551767023844875970e-01,9.547029630493893970e-01,9.575714866635921529e-01,9.486842590344579662e-01,9.581065048648967908e-01,9.492423840252147693e-01,9.599060855207496301e-01,9.663619907009743937e-01
9.577830977428840598e-01,9.344477486468791838e-01,9.497342337087107955e-01,9.599060855207496301e-01,9.522594643076949250e-01,9.603371278431092062e-01,9.663619907009743937e-01,9.586125857623047919e-01,9.599604500509082428e-01,9.587688252518972165e-01,9.595415275977904335e-01,8.656912332748744054e-01,9.424959507621287758e-01,9.562672846356975453e-01,9.159076957463455626e-01,9.582197969277046479e-01,9.448372470009803736e-01,9.531445118769346081e-01,9.534623303422944396e-01,9.246802220065839517e-01,9.286559756767960305e-01,9.582197969277046479e-01,9.556781403712687473e-01,6.065797979860225730e-01,9.599060855207496301e-01,9.585985994655575881e-01,9.513306292657828234e-01,9.551767023844875970e-01,9.547029630493893970e-01,9.575714866635921529e-01,9.486842590344579662e-01,9.581065048648967908e-01,9.491355662822071881e-01,9.599060855207496301e-01,9.288800642062421398e-01
9.577830977428840598e-01,9.344477486468791838e-01,9.591308120821400163e-01,9.599060855207496301e-01,9.522594643076949250e-01,9.603371278431092062e-01,9.663619907009743937e-01,9.586125857623047919e-01,9.599604500509082428e-01,9.587688252518972165e-01,9.595415275977904335e-01,8.656912332748744054e-01,9.590786728477528333e-01,9.562672846356975453e-01,9.159076957463455626e-01,9.582197969277046479e-01,9.448372470009803736e-01,9.531445118769346081e-01,9.534623303422944396e-01,9.246802220065839517e-01,9.286559756767960305e-01,9.582197969277046479e-01,9.556781403712687473e-01,6.065797979860225730e-01,9.599060855207496301e-01,9.585985994655575881e-01,9.513306292657828234e-01,9.551767023844875970e-01,9.547029630493893970e-01,9.575274308346205521e-01,9.486842590344579662e-01,9.581065048648967908e-01,9.491355662822071881e-01,9.599060855207496301e-01,9.288800642062421398e-01
9.577830977428840598e-01,9.344477486468791838e-01,9.591308120821400163e-01,9.599060855207496301e-01,9.522594643076949250e-01,9.603371278431092062e-01,9.599060855207496301e-01,9.586125857623047919e-01,9.599604500509082428e-01,9.587688252518972165e-01,9.595415275977904335e-01,8.656912332748744054e-01,9.590786728477528333e-01,9.570411186667664438e-01,9.159076957463455626e-01,9.582197969277046479e-01,9.428578199057769949e-01,9.534817565866525735e-01,9.534623303422944396e-01,9.246802220065839517e-01,9.597837312334217552e-01,9.582197969277046479e-01,9.559684632188923947e-01,6.932340548411686232e-01,9.599060855207496301e-01,9.585985994655575881e-01,9.513306292657828234e-01,9.551767023844875970e-01,9.547029630493893970e-01,9.530091502251379909e-01,9.507787341499167599e-01,9.581065048648967908e-01,9.491355662822071881e-01,9.599060855207496301e-01,9.288800642062421398e-01
9.587578265217627793e-01,9.344477486468791838e-01,9.591308120821400163e-01,9.599060855207496301e-01,9.522594643076949250e-01,9.603371278431092062e-01,9.599060855207496301e-01,9.586125857623047919e-01,9.599604500509082428e-01,9.587688252518972165e-01,9.595415275977904335e-01,8.656912332748744054e-01,9.590786728477528333e-01,9.570411186667664438e-01,9.566418655028559037e-01,9.582197969277046479e-01,9.428578199057769949e-01,9.534817565866525735e-01,9.534623303422944396e-01,9.246802220065839517e-01,9.597837312334217552e-01,9.582197969277046479e-01,9.559684632188923947e-01,6.932340548411686232e-01,9.599060855207496301e-01,9.553382916900031718e-01,9.513306292657828234e-01,9.551767023844875970e-01,9.547029630493893970e-01,9.530091502251379909e-01,9.454823561957972355e-01,9.581065048648967908e-01,9.491355662822071881e-01,9.599060855207496301e-01,9.599060855207496301e-01
9.587578265217627793e-01,9.589292951696776202e-01,9.591308120821400163e-01,9.599060855207496301e-01,9.522594643076949250e-01,9.603371278431092062e-01,9.599060855207496301e-01,9.586125857623047919e-01,9.599604500509082428e-01,9.587688252518972165e-01,9.595415275977904335e-01,8.656912332748744054e-01,9.590786728477528333e-01,9.394940420084345600e-01,9.148818307951755990e-01,9.582197969277046479e-01,9.428578199057769949e-01,9.534817565866525735e-01,9.531833091197146057e-01,9.246802220065839517e-01,9.597837312334217552e-01,9.582197969277046479e-01,9.559684632188923947e-01,6.932340548411686232e-01,9.599060855207496301e-01,9.553382916900031718e-01,9.513306292657828234e-01,9.551767023844875970e-01,9.592797339541179191e-01,9.532279293725883784e-01,9.454823561957972355e-01,9.581065048648967908e-01,9.491355662822071881e-01,9.599060855207496301e-01,9.599060855207496301e-01
9.577830977428840598e-01,9.589292951696776202e-01,9.591308120821400163e-01,9.599060855207496301e-01,9.522594643076949250e-01,9.603371278431092062e-01,9.599060855207496301e-01,9.586125857623047919e-01,9.599604500509082428e-01,9.587688252518972165e-01,9.595415275977904335e-01,8.736461276293798761e-01,9.590786728477528333e-01,9.394940420084345600e-01,9.566418655028559037e-01,9.582197969277046479e-01,9.428578199057769949e-01,9.534817565866525735e-01,9.531833091197146057e-01,9.246802220065839517e-01,9.597837312334217552e-01,9.582197969277046479e-01,9.559684632188923947e-01,6.932340548411686232e-01,9.599060855207496301e-01,9.553382916900031718e-01,9.513306292657828234e-01,9.552331150563480033e-01,9.592797339541179191e-01,9.532279293725883784e-01,9.454823561957972355e-01,9.581065048648967908e-01,9.491355662822071881e-01,9.599060855207496301e-01,9.599060855207496301e-01
9.577830977428840598e-01,9.589292951696776202e-01,9.591308120821400163e-01,9.599060855207496301e-01,9.522594643076949250e-01,9.603371278431092062e-01,9.599060855207496301e-01,9.586125857623047919e-01,9.599604500509082428e-01,9.587688252518972165e-01,9.595415275977904335e-01,8.736461276293798761e-01,9.590786728477528333e-01,9.394940420084345600e-01,9.566418655028559037e-01,9.582197969277046479e-01,9.428578199057769949e-01,9.534817565866525735e-01,9.531833091197146057e-01,9.246802220065839517e-01,9.597837312334217552e-01,9.582197969277046479e-01,9.559684632188923947e-01,6.932340548411686232e-01,9.599060855207496301e-01,9.553382916900031718e-01,9.513306292657828234e-01,9.552331150563480033e-01,9.592797339541179191e-01,9.515682642823192205e-01,9.454823561957972355e-01,9.581643603214443639e-01,9.491355662822071881e-01,9.599060855207496301e-01,9.599060855207496301e-01
9.577830977428840598e-01,9.589292951696776202e-01,9.591308120821400163e-01,9.599060855207496301e-01,9.522594643076949250e-01,9.551411581023634412e-01,9.599060855207496301e-01,9.586125857623047919e-01,9.599604500509082428e-01,9.587688252518972165e-01,9.595415275977904335e-01,8.736461276293798761e-01,9.591370207409688486e-01,9.394940420084345600e-01,9.566418655028559037e-01,9.582197969277046479e-01,9.428578199057769949e-01,9.534817565866525735e-01,9.531833091197146057e-01,9.246802220065839517e-01,9.640824054414112165e-01,9.582197969277046479e-01,9.559684632188923947e-01,6.934493171901207065e-01,9.599060855207496301e-01,9.553382916900031718e-01,9.513306292657828234e-01,9.552331150563480033e-01,9.592797339541179191e-01,9.546381044145307859e-01,9.478367477371547611e-01,9.581643603214443639e-01,9.491355662822071881e-01,9.599060855207496301e-01,9.599060855207496301e-01
9.577830977428840598e-01,9.324991342122338489e-01,9.591308120821400163e-01,9.599060855207496301e-01,9.558214974401906261e-01,9.551411581023634412e-01,9.599060855207496301e-01,9.586125857623047919e-01,9.599604500509082428e-01,9.607984290961332219e-01,9.595415275977904335e-01,9.565772225325428479e-01,9.591370207409688486e-01,9.542307582745453987e-01,9.277064710861263608e-01,9.582197969277046479e-01,9.450551842405243708e-01,9.534817565866525735e-01,9.531833091197146057e-01,9.246802220065839517e-01,9.640824054414112165e-01,9.582197969277046479e-01,9.559684632188923947e-01,6.934493171901207065e-01,9.599060855207496301e-01,9.553382916900031718e-01,9.513306292657828234e-01,9.552331150563480033e-01,9.592797339541179191e-01,9.546381044145307859e-01,9.478367477371547611e-01,9.581643603214443639e-01,9.491355662822071881e-01,9.599060855207496301e-01,9.599060855207496301e-01
9.577830977428840598e-01,9.324991342122338489e-01,9.591308120821400163e-01,9.599060855207496301e-01,9.558214974401906261e-01,9.551411581023634412e-01,9.599060855207496301e-01,9.586125857623047919e-01,9.599604500509082428e-01,9.607984290961332219e-01,9.595415275977904335e-01,8.736764605460758393e-01,9.591370207409688486e-01,9.542307582745453987e-01,9.277064710861263608e-01,9.582197969277046479e-01,9.450551842405243708e-01,9.534817565866525735e-01,9.531833091197146057e-01,9.246802220065839517e-01,9.640824054414112165e-01,9.582197969277046479e-01,9.559684632188923947e-01,6.934493171901207065e-01,9.599060855207496301e-01,9.553382916900031718e-01,9.513306292657828234e-01,9.552331150563480033e-01,9.592797339541179191e-01,9.546381044145307859e-01,9.073147166480042269e-01,9.581643603214443639e-01,9.284643642891884374e-01,9.599060855207496301e-01,9.599060855207496301e-01
9.577830977428840598e-01,9.324991342122338489e-01,9.591308120821400163e-01,9.599060855207496301e-01,9.582197969277044258e-01,9.551411581023634412e-01,9.599060855207496301e-01,9.586125857623047919e-01,9.599604500509082428e-01,9.607984290961332219e-01,9.595415275977904335e-01,8.736764605460758393e-01,9.591370207409688486e-01,9.542307582745453987e-01,9.277064710861263608e-01,9.582197969277046479e-01,9.450551842405243708e-01,9.534817565866525735e-01,9.531833091197146057e-01,9.246802220065839517e-01,9.640824054414112165e-01,9.582197969277046479e-01,9.559684632188923947e-01,6.934493171901207065e-01,9.599060855207496301e-01,9.553382916900031718e-01,9.513306292657828234e-01,9.552331150563480033e-01,9.592797339541179191e-01,9.546381044145307859e-01,9.073147166480042269e-01,9.581643603214443639e-01,9.284643642891884374e-01,9.599060855207496301e-01,9.599060855207496301e-01
9.577830977428840598e-01,9.324991342122338489e-01,9.591308120821400163e-01,9.599060855207496301e-01,9.582197969277044258e-01,9.551411581023634412e-01,9.599060855207496301e-01,9.586125857623047919e-01,9.599604500509082428e-01,9.533895828761635993e-01,9.595415275977904335e-01,8.736764605460758393e-01,9.591370207409688486e-01,9.542307582745453987e-01,9.277064710861263608e-01,9.582197969277046479e-01,9.450551842405243708e-01,9.534817565866525735e-01,9.531833091197146057e-01,9.246802220065839517e-01,9.640824054414112165e-01,9.582197969277046479e-01,9.559684632188923947e-01,6.934493171901207065e-01,9.599060855207496301e-01,9.553382916900031718e-01,9.513306292657828234e-01,9.552331150563480033e-01,9.592797339541179191e-01,9.556382442361871510e-01,9.185945453080379686e-01,9.581643603214443639e-01,9.356711045738621557e-01,9.599060855207496301e-01,9.599060855207496301e-01
9.577830977428840598e-01,9.324991342122338489e-01,9.591308120821400163e-01,9.599060855207496301e-01,9.582197969277044258e-01,9.551411581023634412e-01,9.599060855207496301e-01,9.586125857623047919e-01,9.599604500509082428e-01,9.533895828761635993e-01,9.595415275977904335e-01,9.565848042955443775e-01,9.591370207409688486e-01,9.542307582745453987e-01,9.277064710861263608e-01,9.582197969277046479e-01,9.450551842405243708e-01,9.534817565866525735e-01,9.531833091197146057e-01,9.246802220065839517e-01,9.629353275500258658e-01,9.582197969277046479e-01,9.559684632188923947e-01,6.934493171901207065e-01,9.599060855207496301e-01,9.553382916900031718e-01,9.513306292657828234e-01,9.552331150563480033e-01,9.592797339541179191e-01,9.556382442361871510e-01,9.185945453080379686e-01,9.581643603214443639e-01,9.356711045738621557e-01,9.599060855207496301e-01,9.599060855207496301e-01
9.577830977428840598e-01,9.475511039655696299e-01,9.591308120821400163e-01,9.599060855207496301e-01,9.582197969277044258e-01,9.223732161513780170e-01,9.599060855207496301e-01,9.586125857623047919e-01,9.599604500509082428e-01,9.533895828761635993e-01,9.595415275977904335e-01,9.565848042955443775e-01,9.591370207409688486e-01,9.542307582745453987e-01,9.277064710861263608e-01,9.582197969277046479e-01,9.450551842405243708e-01,9.534817565866525735e-01,9.531833091197146057e-01,9.246802220065839517e-01,9.629353275500258658e-01,9.582197969277046479e-01,9.559684632188923947e-01,6.934493171901207065e-01,9.599060855207496301e-01,9.553382916900031718e-01,9.513306292657828234e-01,9.552331150563480033e-01,9.592797339541179191e-01,9.561090882242487821e-01,9.253469182968560025e-01,9.581643603214443639e-01,9.268357558160096321e-01,9.599060855207496301e-01,9.599060855207496301e-01
9.577830977428840598e-01,9.475511039655696299e-01,9.591308120821400163e-01,9.599060855207496301e-01,9.582197969277044258e-01,9.223732161513780170e-01,9.599060855207496301e-01,9.586125857623047919e-01,9.599604500509082428e-01,9.533895828761635993e-01,9.595415275977904335e-01,9.565848042955443775e-01,9.591370207409688486e-01,9.573518472891523468e-01,9.266436792283554436e-01,9.582197969277046479e-01,9.525666775072462178e-01,9.534817565866525735e-01,9.531833091197146057e-01,9.246802220065839517e-01,9.634663611804855643e-01,9.582197969277046479e-01,9.559684632188923947e-01,6.934493171901207065e-01,9.599060855207496301e-01,9.553382916900031718e-01,9.513306292657828234e-01,9.542450066249179574e-01,9.592797339541179191e-01,9.561090882242487821e-01,9.253469182968560025e-01,9.581643603214443639e-01,9.586047121729224241e-01,9.599060855207496301e-01,9.599060855207496301e-01
9.577830977428840598e-01,9.475511039655696299e-01,9.591308120821400163e-01,9.599060855207496301e-01,9.582773946492058048e-01,9.223732161513780170e-01,9.599060855207496301e-01,9.586125857623047919e-01,9.599604500509082428e-01,9.587688252518972165e-01,9.588501215794096311e-01,9.565848042955443775e-01,9.591370207409688486e-01,9.573518472891523468e-01,9.266436792283554436e-01,9.582197969277046479e-01,9.301811991405547486e-01,9.534817565866525735e-01,9.531833091197146057e-01,9.246802220065839517e-01,9.634663611804855643e-01,9.582197969277046479e-01,9.559684632188923947e-01,6.934493171901207065e-01,9.599060855207496301e-01,9.553382916900031718e-01,9.513306292657828234e-01,9.542450066249179574e-01,9.592797339541179191e-01,9.571102465327290254e-01,9.253469182968560025e-01,9.581643603214443639e-01,9.289977059268813564e-01,9.599060855207496301e-01,9.599060855207496301e-01
9.577830977428840598e-01,9.475511039655696299e-01,9.591308120821400163e-01,9.599060855207496301e-01,9.582773946492058048e-01,9.223732161513780170e-01,9.599060855207496301e-01,9.586125857623047919e-01,9.599604500509082428e-01,9.587688252518972165e-01,9.588501215794096311e-01,9.565848042955443775e-01,9.591370207409688486e-01,9.537646443125291640e-01,9.266436792283554436e-01,9.582197969277046479e-01,9.513136187884948525e-01,9.534817565866525735e-01,9.531833091197146057e-01,9.246802220065839517e-01,9.634663611804855643e-01,9.582197969277046479e-01,9.559684632188923947e-01,6.934493171901207065e-01,9.599060855207496301e-01,9.553382916900031718e-01,9.513306292657828234e-01,9.542450066249179574e-01,9.592797339541179191e-01,9.571102465327290254e-01,9.253469182968560025e-01,9.581643603214443639e-01,9.593801841708874401e-01,9.599060855207496301e-01,9.599060855207496301e-01
9.477777168524628149e-01,9.584100762338492174e-01,9.591308120821400163e-01,9.599060855207496301e-01,9.582773946492058048e-01,9.223732161513780170e-01,9.599060855207496301e-01,9.586125857623047919e-01,9.599604500509082428e-01,9.587688252518972165e-01,9.588501215794096311e-01,9.565848042955443775e-01,9.591370207409688486e-01,9.537646443125291640e-01,9.266436792283554436e-01,9.582197969277046479e-01,9.513136187884948525e-01,9.534817565866525735e-01,9.531833091197146057e-01,9.246802220065839517e-01,9.634663611804855643e-01,9.582773946492058048e-01,9.559684632188923947e-01,7.886748519200375007e-01,9.599060855207496301e-01,9.553382916900031718e-01,9.513306292657828234e-01,9.542450066249179574e-01,9.592797339541179191e-01,9.571102465327290254e-01,9.253469182968560025e-01,9.581643603214443639e-01,9.593801841708874401e-01,9.599060855207496301e-01,9.599060855207496301e-01
9.477777168524628149e-01,9.584100762338492174e-01,9.591308120821400163e-01,9.599060855207496301e-01,9.582773946492058048e-01,9.223732161513780170e-01,9.599060855207496301e-01,9.586125857623047919e-01,9.599604500509082428e-01,9.520098365999124512e-01,9.588501215794096311e-01,9.565848042955443775e-01,9.591370207409688486e-01,9.537646443125291640e-01,9.266436792283554436e-01,9.582197969277046479e-01,9.445889182798812289e-01,9.534817565866525735e-01,9.531833091197146057e-01,9.246802220065839517e-01,9.663619907009743937e-01,9.582773946492058048e-01,9.559684632188923947e-01,7.886748519200375007e-01,9.599060855207496301e-01,9.553382916900031718e-01,9.513306292657828234e-01,9.542450066249179574e-01,9.592797339541179191e-01,9.571102465327290254e-01,9.253469182968560025e-01,9.581643603214443639e-01,9.593801841708874401e-01,9.599060855207496301e-01,9.599060855207496301e-01
9.477777168524628149e-01,9.584100762338492174e-01,9.591308120821400163e-01,9.599060855207496301e-01,9.582773946492058048e-01,9.223732161513780170e-01,9.599060855207496301e-01,9.586125857623047919e-01,9.599604500509082428e-01,9.520098365999124512e-01,9.588501215794096311e-01,9.565848042955443775e-01,9.591370207409688486e-01,9.537646443125291640e-01,9.266436792283554436e-01,9.582197969277046479e-01,9.445889182798812289e-01,9.534817565866525735e-01,9.531833091197146057e-01,9.246802220065839517e-01,9.663619907009743937e-01,9.582773946492058048e-01,9.559684632188923947e-01,7.886748519200375007e-01,9.599060855207496301e-01,9.553382916900031718e-01,9.513306292657828234e-01,9.542450066249179574e-01,9.596664116965547553e-01,9.570822797729832132e-01,9.253469182968560025e-01,9.581643603214443639e-01,9.593801841708874401e-01,9.599060855207496301e-01,9.599060855207496301e-01
9.328235611188455678e-01,9.584100762338492174e-01,9.591308120821400163e-01,9.599060855207496301e-01,9.582773946492058048e-01,9.223732161513780170e-01,9.599060855207496301e-01,9.586125857623047919e-01,9.599604500509082428e-01,9.520098365999124512e-01,9.588501215794096311e-01,9.565848042955443775e-01,9.591370207409688486e-01,9.537646443125291640e-01,9.266436792283554436e-01,9.582197969277046479e-01,9.445889182798812289e-01,9.534817565866525735e-01,9.531833091197146057e-01,9.246802220065839517e-01,9.663619907009743937e-01,9.582773946492058048e-01,9.559684632188923947e-01,9.281055191678507788e-01,9.599060855207496301e-01,9.553382916900031718e-01,9.513306292657828234e-01,9.542450066249179574e-01,9.596664116965547553e-01,9.570822797729832132e-01,9.253469182968560025e-01,9.581643603214443639e-01,9.593801841708874401e-01,9.599060855207496301e-01,9.599060855207496301e-01
9.328235611188455678e-01,9.584100762338492174e-01,9.591308120821400163e-01,9.599060855207496301e-01,9.582773946492058048e-01,9.223732161513780170e-01,9.599060855207496301e-01,9.586125857623047919e-01,9.599604500509082428e-01,9.590702268029568378e-01,9.588501215794096311e-01,9.565848042955443775e-01,9.591370207409688486e-01,9.586087802006052483e-01,9.266436792283554436e-01,9.582197969277046479e-01,9.445889182798812289e-01,9.534817565866525735e-01,9.531833091197146057e-01,9.246802220065839517e-01,9.663619907009743937e-01,9.582773946492058048e-01,9.559684632188923947e-01,9.281055191678507788e-01,9.599060855207496301e-01,9.553382916900031718e-01,9.513306292657828234e-01,9.542450066249179574e-01,9.596664116965547553e-01,9.570822797729832132e-01,9.297279644270396437e-01,9.581643603214443639e-01,9.593801841708874401e-01,9.599060855207496301e-01,9.599060855207496301e-01
9.425616294723188071e-01,9.584100762338492174e-01,9.591308120821400163e-01,9.599060855207496301e-01,9.582773946492058048e-01,9.223732161513780170e-01,9.599060855207496301e-01,9.586125857623047919e-01,9.599604500509082428e-01,9.590702268029568378e-01,9.588501215794096311e-01,9.565848042955443775e-01,9.591370207409688486e-01,9.586087802006052483e-01,9.266436792283554436e-01,9.582197969277046479e-01,9.445889182798812289e-01,9.534817565866525735e-01,9.531833091197146057e-01,9.246802220065839517e-01,9.663619907009743937e-01,9.582773946492058048e-01,9.559684632188923947e-01,9.281055191678507788e-01,9.599060855207496301e-01,9.553382916900031718e-01,9.513306292657828234e-01,9.555315580537604436e-01,9.596664116965547553e-01,9.569841926042608193e-01,9.297279644270396437e-01,9.581643603214443639e-01,9.593801841708874401e-01,9.599060855207496301e-01,9.599060855207496301e-01
9.584556683760495632e-01,9.584100762338492174e-01,9.591308120821400163e-01,9.599060855207496301e-01,9.582773946492058048e-01,9.223732161513780170e-01,9.599060855207496301e-01,9.586701834838061709e-01,9.599604500509082428e-01,9.590702268029568378e-01,9.588501215794096311e-01,9.565848042955443775e-01,9.591370207409688486e-01,9.586087802006052483e-01,9.266436792283554436e-01,9.582197969277046479e-01,9.445889182798812289e-01,9.534817565866525735e-01,9.531833091197146057e-01,9.246802220065839517e-01,9.663619907009743937e-01,9.582773946492058048e-01,9.559684632188923947e-01,9.281055191678507788e-01,9.599060855207496301e-01,9.553382916900031718e-01,9.513306292657828234e-01,9.545488903410553894e-01,9.596664116965547553e-01,9.569841926042608193e-01,9.297279644270396437e-01,9.581643603214443639e-01,9.593801841708874401e-01,9.599060855207496301e-01,9.599060855207496301e-01
9.584556683760495632e-01,9.584100762338492174e-01,9.591308120821400163e-01,9.599060855207496301e-01,9.582773946492058048e-01,9.223732161513780170e-01,9.599060855207496301e-01,9.586701834838061709e-01,9.599604500509082428e-01,9.590702268029568378e-01,9.588501215794096311e-01,9.565848042955443775e-01,9.591370207409688486e-01,9.588501215794096311e-01,9.266436792283554436e-01,9.582197969277046479e-01,9.445889182798812289e-01,9.534817565866525735e-01,9.531833091197146057e-01,9.246802220065839517e-01,9.663619907009743937e-01,9.582773946492058048e-01,9.559684632188923947e-01,9.281055191678507788e-01,9.599060855207496301e-01,9.553382916900031718e-01,9.513306292657828234e-01,9.545488903410553894e-01,9.596664116965547553e-01,9.569841926042608193e-01,9.315707997763565951e-01,9.581643603214443639e-01,9.593801841708874401e-01,9.599060855207496301e-01,9.599060855207496301e-01
9.595871552546135774e-01,9.584100762338492174e-01,9.579050048882044033e-01,9.599060855207496301e-01,9.582773946492058048e-01,9.537512212533222344e-01,9.599060855207496301e-01,9.586701834838061709e-01,9.599604500509082428e-01,9.576996204755795494e-01,9.588501215794096311e-01,9.567164946440680495e-01,9.591370207409688486e-01,9.588501215794096311e-01,9.266436792283554436e-01,9.582197969277046479e-01,9.445889182798812289e-01,9.534817565866525735e-01,9.531833091197146057e-01,9.246802220065839517e-01,9.663619907009743937e-01,9.582773946492058048e-01,9.559684632188923947e-01,9.281055191678507788e-01,9.599060855207496301e-01,9.553382916900031718e-01,9.513306292657828234e-01,9.545488903410553894e-01,9.596664116965547553e-01,9.569841926042608193e-01,9.315707997763565951e-01,9.581643603214443639e-01,9.593801841708874401e-01,9.599060855207496301e-01,9.599060855207496301e-01
9.595871552546135774e-01,9.584100762338492174e-01,9.579050048882044033e-01,9.599060855207496301e-01,9.582773946492058048e-01,9.537512212533222344e-01,9.599060855207496301e-01,9.586701834838061709e-01,9.599604500509082428e-01,9.549842887214643472e-01,9.588501215794096311e-01,9.567164946440680495e-01,9.591370207409688486e-01,9.588501215794096311e-01,9.266436792283554436e-01,9.582197969277046479e-01,9.445889182798812289e-01,9.534817565866525735e-01,9.531833091197146057e-01,9.246802220065839517e-01,9.663619907009743937e-01,9.582773946492058048e-01,9.559684632188923947e-01,9.281055191678507788e-01,9.599060855207496301e-01,9.553382916900031718e-01,9.513306292657828234e-01,9.545810455633187974e-01,9.596664116965547553e-01,9.569841926042608193e-01,9.315707997763565951e-01,9.581643603214443639e-01,9.593801841708874401e-01,9.599060855207496301e-01,9.599060855207496301e-01
9.600164420941591503e-01,9.584100762338492174e-01,9.579050048882044033e-01,9.599060855207496301e-01,9.582773946492058048e-01,9.537512212533222344e-01,9.599060855207496301e-01,9.586701834838061709e-01,9.599604500509082428e-01,9.549842887214643472e-01,9.588501215794096311e-01,9.567164946440680495e-01,9.591370207409688486e-01,9.588501215794096311e-01,9.266436792283554436e-01,9.582197969277046479e-01,9.445889182798812289e-01,9.534817565866525735e-01,9.531833091197146057e-01,9.246802220065839517e-01,9.663619907009743937e-01,9.582773946492058048e-01,9.559684632188923947e-01,9.281055191678507788e-01,9.599060855207496301e-01,9.553382916900031718e-01,9.513306292657828234e-01,9.545810455633187974e-01,9.596664116965547553e-01,9.569841926042608193e-01,9.315707997763565951e-01,9.581643603214443639e-01,9.593801841708874401e-01,9.599060855207496301e-01,9.599060855207496301e-01
9.600164420941591503e-01,9.584100762338492174e-01,9.579050048882044033e-01,9.599060855207496301e-01,9.582773946492058048e-01,9.537512212533222344e-01,9.599060855207496301e-01,9.586701834838061709e-01,9.599604500509082428e-01,9.549842887214643472e-01,9.588501215794096311e-01,9.567164946440680495e-01,9.591370207409688486e-01,9.591864319282079610e-01,9.266436792283554436e-01,9.582197969277046479e-01,9.445889182798812289e-01,9.534817565866525735e-01,9.531833091197146057e-01,9.246802220065839517e-01,9.663619907009743937e-01,9.582773946492058048e-01,9.559684632188923947e-01,9.281055191678507788e-01,9.599604500509082428e-01,9.553382916900031718e-01,9.513306292657828234e-01,9.554016973610648389e-01,9.596664116965547553e-01,9.569841926042608193e-01,9.315707997763565951e-01,9.581643603214443639e-01,9.593801841708874401e-01,9.599060855207496301e-01,9.599060855207496301e-01
9.600164420941591503e-01,9.584100762338492174e-01,9.579050048882044033e-01,9.599060855207496301e-01,9.582773946492058048e-01,9.537512212533222344e-01,9.599060855207496301e-01,9.586701834838061709e-01,9.599604500509082428e-01,9.549842887214643472e-01,9.588501215794096311e-01,9.567164946440680495e-01,9.591370207409688486e-01,9.591864319282079610e-01,9.266436792283554436e-01,9.582197969277046479e-01,9.445889182798812289e-01,9.534817565866525735e-01,9.531833091197146057e-01,9.246802220065839517e-01,9.663619907009743937e-01,9.582773946492058048e-01,9.559684632188923947e-01,9.281055191678507788e-01,9.599604500509082428e-01,9.553382916900031718e-01,9.513306292657828234e-01,9.554016973610648389e-01,9.596664116965547553e-01,9.569841926042608193e-01,8.646424746434212549e-01,9.581643603214443639e-01,9.593801841708874401e-01,9.599060855207496301e-01,9.599060855207496301e-01
9.600164420941591503e-01,9.584100762338492174e-01,9.579050048882044033e-01,9.599060855207496301e-01,9.582773946492058048e-01,9.537512212533222344e-01,9.599060855207496301e-01,9.586701834838061709e-01,9.599604500509082428e-01,9.549842887214643472e-01,9.588501215794096311e-01,9.567164946440680495e-01,9.591370207409688486e-01,9.591864319282079610e-01,9.266436792283554436e-01,9.582197969277046479e-01,9.445889182798812289e-01,9.534817565866525735e-01,9.531833091197146057e-01,9.246802220065839517e-01,9.663619907009743937e-01,9.582773946492058048e-01,9.559684632188923947e-01,9.281055191678507788e-01,9.599604500509082428e-01,9.553382916900031718e-01,9.513306292657828234e-01,9.554016973610648389e-01,9.596664116965547553e-01,9.569841926042608193e-01,8.646424746434212549e-01,9.581643603214443639e-01,9.593801841708874401e-01,9.599060855207496301e-01,9.599060855207496301e-01
9.600164420941591503e-01,9.584100762338492174e-01,9.579050048882044033e-01,9.599060855207496301e-01,9.582773946492058048e-01,9.537512212533222344e-01,9.599060855207496301e-01,9.586701834838061709e-01,9.599604500509082428e-01,9.549842887214643472e-01,9.588501215794096311e-01,9.567164946440680495e-01,9.591370207409688486e-01,9.591864319282079610e-01,9.266436792283554436e-01,9.582197969277046479e-01,9.445889182798812289e-01,9.534817565866525735e-01,9.531833091197146057e-01,9.246802220065839517e-01,9.663619907009743937e-01,9.582773946492058048e-01,9.559684632188923947e-01,9.281055191678507788e-01,9.599604500509082428e-01,9.553382916900031718e-01,9.513306292657828234e-01,9.554016973610648389e-01,9.596664116965547553e-01,9.569841926042608193e-01,8.646424746434212549e-01,9.581643603214443639e-01,9.593801841708874401e-01,9.599060855207496301e-01,9.599060855207496301e-01
9.600164420941591503e-01,9.584100762338492174e-01,9.579050048882044033e-01,9.599060855207496301e-01,9.582773946492058048e-01,9.537512212533222344e-01,9.599060855207496301e-01,9.586701834838061709e-01,9.599604500509082428e-01,9.549842887214643472e-01,9.588501215794096311e-01,9.567164946440680495e-01,9.591370207409688486e-01,9.591864319282079610e-01,9.266436792283554436e-01,9.582197969277046479e-01,9.445889182798812289e-01,9.534817565866525735e-01,9.531833091197146057e-01,9.246802220065839517e-01,9.663619907009743937e-01,9.582773946492058048e-01,9.559684632188923947e-01,9.281055191678507788e-01,9.599604500509082428e-01,9.553382916900031718e-01,9.513306292657828234e-01,9.554016973610648389e-01,9.596664116965547553e-01,9.569841926042608193e-01,9.313955304384927691e-01,9.581643603214443639e-01,9.593801841708874401e-01,9.599060855207496301e-01,9.599060855207496301e-01
9.600116812662473631e-01,9.584100762338492174e-01,9.579050048882044033e-01,9.599060855207496301e-01,9.582773946492058048e-01,9.537512212533222344e-01,9.599060855207496301e-01,9.586701834838061709e-01,9.599604500509082428e-01,9.549842887214643472e-01,9.588501215794096311e-01,9.525767667274556150e-01,9.591370207409688486e-01,9.591864319282079610e-01,9.266436792283554436e-01,9.582197969277046479e-01,9.445889182798812289e-01,9.534817565866525735e-01,9.531833091197146057e-01,9.246802220065839517e-01,9.663619907009743937e-01,9.582773946492058048e-01,9.559684632188923947e-01,9.281055191678507788e-01,9.599604500509082428e-01,9.553382916900031718e-01,9.513306292657828234e-01,9.554016973610648389e-01,9.596664116965547553e-01,9.569841926042608193e-01,9.313955304384927691e-01,9.581643603214443639e-01,9.593801841708874401e-01,9.599060855207496301e-01,9.599060855207496301e-01
9.600116812662473631e-01,9.584100762338492174e-01,9.579050048882044033e-01,9.599060855207496301e-01,9.582773946492058048e-01,9.537512212533222344e-01,9.599060855207496301e-01,9.586701834838061709e-01,9.599604500509082428e-01,9.549842887214643472e-01,9.588501215794096311e-01,9.525767667274556150e-01,9.591370207409688486e-01,9.592249275106006223e-01,9.266436792283554436e-01,9.582197969277046479e-01,9.445889182798812289e-01,9.534817565866525735e-01,9.531833091197146057e-01,9.246802220065839517e-01,9.663619907009743937e-01,9.582773946492058048e-01,9.559684632188923947e-01,9.281055191678507788e-01,9.599604500509082428e-01,9.553382916900031718e-01,9.513306292657828234e-01,9.554016973610648389e-01,9.596664116965547553e-01,9.569841926042608193e-01,9.313955304384927691e-01,9.581643603214443639e-01,9.593801841708874401e-01,9.599060855207496301e-01,9.599060855207496301e-01
9.600116812662473631e-01,9.584100762338492174e-01,9.591308120821400163e-01,9.599060855207496301e-01,9.582773946492058048e-01,9.537512212533222344e-01,9.599060855207496301e-01,9.586701834838061709e-01,9.599604500509082428e-01,9.549842887214643472e-01,9.588501215794096311e-01,9.525767667274556150e-01,9.591370207409688486e-01,9.592249275106006223e-01,9.266436792283554436e-01,9.582197969277046479e-01,9.445889182798812289e-01,9.534817565866525735e-01,9.531833091197146057e-01,9.246802220065839517e-01,9.663619907009743937e-01,9.582773946492058048e-01,9.559684632188923947e-01,9.281055191678507788e-01,9.599604500509082428e-01,9.553382916900031718e-01,9.513306292657828234e-01,9.554016973610648389e-01,9.596664116965547553e-01,9.569841926042608193e-01,9.313955304384927691e-01,9.581643603214443639e-01,9.593801841708874401e-01,9.599060855207496301e-01,9.599060855207496301e-01
9.600116812662473631e-01,9.584100762338492174e-01,9.591308120821400163e-01,9.599060855207496301e-01,9.582773946492058048e-01,9.537512212533222344e-01,9.599060855207496301e-01,9.586701834838061709e-01,9.599604500509082428e-01,9.549842887214643472e-01,9.588501215794096311e-01,9.525767667274556150e-01,9.591370207409688486e-01,9.592249275106006223e-01,9.266436792283554436e-01,9.582197969277046479e-01,9.445889182798812289e-01,9.534817565866525735e-01,9.531833091197146057e-01,9.246802220065839517e-01,9.663619907009743937e-01,9.582773946492058048e-01,9.559684632188923947e-01,9.281055191678507788e-01,9.599604500509082428e-01,9.579869037926903586e-01,9.513306292657828234e-01,9.554016973610648389e-01,9.596664116965547553e-01,9.550583772585243825e-01,9.313955304384927691e-01,9.581643603214443639e-01,9.593801841708874401e-01,9.599060855207496301e-01,9.599060855207496301e-01
9.600116812662473631e-01,9.584100762338492174e-01,9.591308120821400163e-01,9.599060855207496301e-01,9.582773946492058048e-01,9.537512212533222344e-01,9.599060855207496301e-01,9.586701834838061709e-01,9.599604500509082428e-01,9.549842887214643472e-01,9.588501215794096311e-01,9.525767667274556150e-01,9.591370207409688486e-01,9.592249275106006223e-01,9.266436792283554436e-01,9.582197969277046479e-01,9.445889182798812289e-01,9.534817565866525735e-01,9.531833091197146057e-01,9.246802220065839517e-01,9.663619907009743937e-01,9.582773946492058048e-01,9.559684632188923947e-01,9.281055191678507788e-01,9.599604500509082428e-01,9.579869037926903586e-01,9.513306292657828234e-01,9.554016973610648389e-01,9.596664116965547553e-01,9.550583772585243825e-01,9.313955304384927691e-01,9.581643603214443639e-01,9.593801841708874401e-01,9.599060855207496301e-01,9.599060855207496301e-01
9.600116812662473631e-01,9.584100762338492174e-01,9.591308120821400163e-01,9.599060855207496301e-01,9.582773946492058048e-01,9.537512212533222344e-01,9.599060855207496301e-01,9.586701834838061709e-01,9.599604500509082428e-01,9.549842887214643472e-01,9.588501215794096311e-01,9.525767667274556150e-01,9.591370207409688486e-01,9.592249275106006223e-01,9.266436792283554436e-01,9.582197969277046479e-01,9.445889182798812289e-01,9.534817565866525735e-01,9.531833091197146057e-01,9.246802220065839517e-01,9.663619907009743937e-01,9.582773946492058048e-01,9.559684632188923947e-01,9.281055191678507788e-01,9.599604500509082428e-01,9.579869037926903586e-01,9.513306292657828234e-01,9.554016973610648389e-01,9.596664116965547553e-01,9.550583772585243825e-01,9.313955304384927691e-01,9.581643603214443639e-01,9.593801841708874401e-01,9.599060855207496301e-01,9.599060855207496301e-01
9.600116812662473631e-01,9.584100762338492174e-01,9.591308120821400163e-01,9.599060855207496301e-01,9.582773946492058048e-01,9.537512212533222344e-01,9.599060855207496301e-01,9.586701834838061709e-01,9.599604500509082428e-01,9.549842887214643472e-01,9.588501215794096311e-01,9.525767667274556150e-01,9.591370207409688486e-01,9.592249275106006223e-01,9.266436792283554436e-01,9.582197969277046479e-01,9.445889182798812289e-01,9.534817565866525735e-01,9.531833091197146057e-01,9.246802220065839517e-01,9.663619907009743937e-01,9.582773946492058048e-01,9.559684632188923947e-01,9.281055191678507788e-01,9.599604500509082428e-01,9.579869037926903586e-01,9.513306292657828234e-01,9.554016973610648389e-01,9.596664116965547553e-01,9.550583772585243825e-01,9.313955304384927691e-01,9.581643603214443639e-01,9.593801841708874401e-01,9.599060855207496301e-01,9.599060855207496301e-01
9.600116812662473631e-01,9.584100762338492174e-01,9.591308120821400163e-01,9.599060855207496301e-01,9.582773946492058048e-01,9.537512212533222344e-01,9.599060855207496301e-01,9.586701834838061709e-01,9.599604500509082428e-01,9.549842887214643472e-01,9.589067365002797994e-01,9.525767667274556150e-01,9.591370207409688486e-01,9.592249275106006223e-01,9.266436792283554436e-01,9.582197969277046479e-01,9.445889182798812289e-01,9.534817565866525735e-01,9.531833091197146057e-01,9.246802220065839517e-01,9.663619907009743937e-01,9.582773946492058048e-01,9.559684632188923947e-01,9.281055191678507788e-01,9.599604500509082428e-01,9.579869037926903586e-01,9.513306292657828234e-01,9.554016973610648389e-01,9.596664116965547553e-01,9.558362004207940910e-01,9.313955304384927691e-01,9.581643603214443639e-01,9.593801841708874401e-01,9.599060855207496301e-01,9.599060855207496301e-01
9.599876830412183981e-01,9.584100762338492174e-01,9.591308120821400163e-01,9.599060855207496301e-01,9.582773946492058048e-01,9.537512212533222344e-01,9.599060855207496301e-01,9.586701834838061709e-01,9.599604500509082428e-01,9.549842887214643472e-01,9.589067365002797994e-01,9.525767667274556150e-01,9.591370207409688486e-01,9.592249275106006223e-01,9.266436792283554436e-01,9.582197969277046479e-01,9.445889182798812289e-01,9.534817565866525735e-01,9.531833091197146057e-01,9.246802220065839517e-01,9.663619907009743937e-01,9.582773946492058048e-01,9.559684632188923947e-01,9.281055191678507788e-01,9.599604500509082428e-01,9.579869037926903586e-01,9.513306292657828234e-01,9.554016973610648389e-01,9.596664116965547553e-01,9.558362004207940910e-01,9.313955304384927691e-01,9.581643603214443639e-01,9.593801841708874401e-01,9.599060855207496301e-01,9.599060855207496301e-01
9.599876830412183981e-01,9.584100762338492174e-01,9.591308120821400163e-01,9.599060855207496301e-01,9.582773946492058048e-01,9.537512212533222344e-01,9.599060855207496301e-01,9.586701834838061709e-01,9.599604500509082428e-01,9.549842887214643472e-01,9.589067365002797994e-01,9.577060645678440176e-01,9.591370207409688486e-01,9.592249275106006223e-01,9.266436792283554436e-01,9.582773946492058048e-01,9.445889182798812289e-01,9.534817565866525735e-01,9.531833091197146057e-01,9.246802220065839517e-01,9.663619907009743937e-01,9.582773946492058048e-01,9.559684632188923947e-01,9.281055191678507788e-01,9.599604500509082428e-01,9.579869037926903586e-01,9.513306292657828234e-01,9.554016973610648389e-01,9.596664116965547553e-01,9.558663738560572165e-01,9.313955304384927691e-01,9.581643603214443639e-01,9.593801841708874401e-01,9.599060855207496301e-01,9.599060855207496301e-01
9.599876830412183981e-01,9.584100762338492174e-01,9.591308120821400163e-01,9.599060855207496301e-01,9.582773946492058048e-01,9.537512212533222344e-01,9.599060855207496301e-01,9.586701834838061709e-01,9.599604500509082428e-01,9.549842887214643472e-01,9.589067365002797994e-01,9.577060645678440176e-01,9.591370207409688486e-01,9.592249275106006223e-01,9.266436792283554436e-01,9.582773946492058048e-01,9.445889182798812289e-01,9.534817565866525735e-01,9.531833091197146057e-01,9.246802220065839517e-01,9.663619907009743937e-01,9.582773946492058048e-01,9.559684632188923947e-01,9.281055191678507788e-01,9.599604500509082428e-01,9.579869037926903586e-01,9.513306292657828234e-01,9.554016973610648389e-01,9.596664116965547553e-01,9.558663738560572165e-01,9.313955304384927691e-01,9.581643603214443639e-01,9.593801841708874401e-01,9.599060855207496301e-01,9.599060855207496301e-01
9.599876830412183981e-01,9.584100762338492174e-01,9.591308120821400163e-01,9.599060855207496301e-01,9.582773946492058048e-01,9.537512212533222344e-01,9.599060855207496301e-01,9.586701834838061709e-01,9.599604500509082428e-01,9.549842887214643472e-01,9.589067365002797994e-01,9.610470655703652332e-01,9.526268961824472248e-01,9.592249275106006223e-01,9.266436792283554436e-01,9.582773946492058048e-01,9.445889182798812289e-01,9.534817565866525735e-01,9.531833091197146057e-01,9.246802220065839517e-01,9.663619907009743937e-01,9.582773946492058048e-01,9.559684632188923947e-01,9.281055191678507788e-01,9.599604500509082428e-01,9.579869037926903586e-01,9.513306292657828234e-01,9.554016973610648389e-01,9.596664116965547553e-01,9.558663738560572165e-01,9.313955304384927691e-01,9.581643603214443639e-01,9.593801841708874401e-01,9.599060855207496301e-01,9.599060855207496301e-01
9.599925087595048145e-01,9.584100762338492174e-01,9.591308120821400163e-01,9.599060855207496301e-01,9.582773946492058048e-01,9.537512212533222344e-01,9.599060855207496301e-01,9.586701834838061709e-01,9.599604500509082428e-01,9.549842887214643472e-01,9.589067365002797994e-01,9.610470655703652332e-01,9.526268961824472248e-01,9.592249275106006223e-01,9.266436792283554436e-01,9.582773946492058048e-01,9.445889182798812289e-01,9.534817565866525735e-01,9.531833091197146057e-01,9.246802220065839517e-01,9.663619907009743937e-01,9.663619907009743937e-01,9.559684632188923947e-01,9.281055191678507788e-01,9.599604500509082428e-01,9.579869037926903586e-01,9.513306292657828234e-01,9.554016973610648389e-01,9.596664116965547553e-01,9.558663738560572165e-01,9.313955304384927691e-01,9.581643603214443639e-01,9.593801841708874401e-01,9.599060855207496301e-01,9.599604500509082428e-01
9.599925087595048145e-01,9.584100762338492174e-01,9.591308120821400163e-01,9.599060855207496301e-01,9.582773946492058048e-01,9.537512212533222344e-01,9.599060855207496301e-01,9.586701834838061709e-01,9.599604500509082428e-01,9.549842887214643472e-01,9.589067365002797994e-01,9.610470655703652332e-01,9.526268961824472248e-01,9.592249275106006223e-01,9.266436792283554436e-01,9.582773946492058048e-01,9.445889182798812289e-01,9.534817565866525735e-01,9.531833091197146057e-01,9.246802220065839517e-01,9.663619907009743937e-01,9.663619907009743937e-01,9.559684632188923947e-01,9.281055191678507788e-01,9.599604500509082428e-01,9.579869037926903586e-01,9.513306292657828234e-01,9.554016973610648389e-01,9.596664116965547553e-01,9.573749099989063982e-01,9.313955304384927691e-01,9.581643603214443639e-01,9.593801841708874401e-01,9.599060855207496301e-01,9.599604500509082428e-01
9.600069075770220062e-01,9.584100762338492174e-01,9.591308120821400163e-01,9.599060855207496301e-01,9.582773946492058048e-01,9.537512212533222344e-01,9.599060855207496301e-01,9.586701834838061709e-01,9.599604500509082428e-01,9.549842887214643472e-01,9.589067365002797994e-01,9.610470655703652332e-01,9.526268961824472248e-01,9.592249275106006223e-01,9.266436792283554436e-01,9.582773946492058048e-01,9.445889182798812289e-01,9.534817565866525735e-01,9.531833091197146057e-01,9.246802220065839517e-01,9.663619907009743937e-01,9.663619907009743937e-01,9.559684632188923947e-01,9.281055191678507788e-01,9.599604500509082428e-01,9.579869037926903586e-01,9.513306292657828234e-01,9.554016973610648389e-01,9.596664116965547553e-01,9.573749099989063982e-01,9.313955304384927691e-01,9.581643603214443639e-01,9.593801841708874401e-01,9.599060855207496301e-01,9.599604500509082428e-01
9.600069075770220062e-01,9.584100762338492174e-01,9.591308120821400163e-01,9.599060855207496301e-01,9.582773946492058048e-01,9.537512212533222344e-01,9.599060855207496301e-01,9.586701834838061709e-01,9.599604500509082428e-01,9.549842887214643472e-01,9.589067365002797994e-01,9.610470655703652332e-01,9.526268961824472248e-01,9.592249275106006223e-01,9.266436792283554436e-01,9.582773946492058048e-01,9.445889182798812289e-01,9.534817565866525735e-01,9.531833091197146057e-01,9.246802220065839517e-01,9.663619907009743937e-01,9.663619907009743937e-01,9.559684632188923947e-01,9.281055191678507788e-01,9.599604500509082428e-01,9.579869037926903586e-01,9.513306292657828234e-01,9.554016973610648389e-01,9.596664116965547553e-01,9.573749099989063982e-01,9.472560549972588451e-01,9.581643603214443639e-01,9.593801841708874401e-01,9.599060855207496301e-01,9.599604500509082428e-01
9.600069075770220062e-01,9.584100762338492174e-01,9.591308120821400163e-01,9.599060855207496301e-01,9.582773946492058048e-01,9.537512212533222344e-01,9.599060855207496301e-01,9.586701834838061709e-01,9.599604500509082428e-01,9.549842887214643472e-01,9.589067365002797994e-01,9.610470655703652332e-01,9.526268961824472248e-01,9.592249275106006223e-01,9.266436792283554436e-01,9.582773946492058048e-01,9.445889182798812289e-01,9.534817565866525735e-01,9.531833091197146057e-01,9.246802220065839517e-01,9.663619907009743937e-01,9.663619907009743937e-01,9.559684632188923947e-01,9.281055191678507788e-01,9.599604500509082428e-01,9.579869037926903586e-01,9.513306292657828234e-01,9.554016973610648389e-01,9.596664116965547553e-01,9.573749099989063982e-01,9.472560549972588451e-01,9.581643603214443639e-01,9.593801841708874401e-01,9.599060855207496301e-01,9.599604500509082428e-01
9.600069075770220062e-01,9.584100762338492174e-01,9.591308120821400163e-01,9.599060855207496301e-01,9.582773946492058048e-01,9.537512212533222344e-01,9.599060855207496301e-01,9.586701834838061709e-01,9.599604500509082428e-01,9.549842887214643472e-01,9.589067365002797994e-01,9.610470655703652332e-01,9.526268961824472248e-01,9.592249275106006223e-01,9.266436792283554436e-01,9.582773946492058048e-01,9.445889182798812289e-01,9.534817565866525735e-01,9.531833091197146057e-01,9.246802220065839517e-01,9.663619907009743937e-01,9.663619907009743937e-01,9.559684632188923947e-01,9.281055191678507788e-01,9.599604500509082428e-01,9.579869037926903586e-01,9.573347509644178910e-01,9.554016973610648389e-01,9.596664116965547553e-01,9.573749099989063982e-01,9.472560549972588451e-01,9.581643603214443639e-01,9.593801841708874401e-01,9.599060855207496301e-01,9.599604500509082428e-01
9.600069075770220062e-01,9.584100762338492174e-01,9.591308120821400163e-01,9.599060855207496301e-01,9.582773946492058048e-01,9.537512212533222344e-01,9.599060855207496301e-01,9.586701834838061709e-01,9.599604500509082428e-01,9.540222762022364522e-01,9.589067365002797994e-01,9.610470655703652332e-01,9.526268961824472248e-01,9.592249275106006223e-01,9.266436792283554436e-01,9.582773946492058048e-01,9.445889182798812289e-01,9.534817565866525735e-01,9.531833091197146057e-01,9.246802220065839517e-01,9.663619907009743937e-01,9.663619907009743937e-01,9.559684632188923947e-01,9.281055191678507788e-01,9.599604500509082428e-01,9.579869037926903586e-01,9.573347509644178910e-01,9.554016973610648389e-01,9.596664116965547553e-01,9.573749099989063982e-01,9.492311411865780313e-01,9.581643603214443639e-01,9.593801841708874401e-01,9.599060855207496301e-01,9.599604500509082428e-01
9.600069075770220062e-01,9.584100762338492174e-01,9.591308120821400163e-01,9.599060855207496301e-01,9.582773946492058048e-01,9.537512212533222344e-01,9.599060855207496301e-01,9.586701834838061709e-01,9.599604500509082428e-01,9.540222762022364522e-01,9.589067365002797994e-01,9.610470655703652332e-01,9.526268961824472248e-01,9.592249275106006223e-01,9.266436792283554436e-01,9.582773946492058048e-01,9.445889182798812289e-01,9.534817565866525735e-01,9.531833091197146057e-01,9.246802220065839517e-01,9.663619907009743937e-01,9.663619907009743937e-01,9.559684632188923947e-01,9.281055191678507788e-01,9.599604500509082428e-01,9.579869037926903586e-01,9.573347509644178910e-01,9.554016973610648389e-01,9.596664116965547553e-01,9.573749099989063982e-01,9.492311411865780313e-01,9.581643603214443639e-01,9.593801841708874401e-01,9.599060855207496301e-01,9.599604500509082428e-01
9.600069075770220062e-01,9.584100762338492174e-01,9.591308120821400163e-01,9.599060855207496301e-01,9.582773946492058048e-01,9.537512212533222344e-01,9.599060855207496301e-01,9.586701834838061709e-01,9.599604500509082428e-01,9.540222762022364522e-01,9.589067365002797994e-01,9.610470655703652332e-01,9.526268961824472248e-01,9.592249275106006223e-01,9.266436792283554436e-01,9.582773946492058048e-01,9.445889182798812289e-01,9.534817565866525735e-01,9.531833091197146057e-01,9.246802220065839517e-01,9.663619907009743937e-01,9.663619907009743937e-01,9.559684632188923947e-01,9.281055191678507788e-01,9.599604500509082428e-01,9.579869037926903586e-01,9.573347509644178910e-01,9.554016973610648389e-01,9.596664116965547553e-01,9.573749099989063982e-01,9.492311411865780313e-01,9.581643603214443639e-01,9.593801841708874401e-01,9.599060855207496301e-01,9.599604500509082428e-01
9.600069075770220062e-01,9.584100762338492174e-01,9.591308120821400163e-01,9.599060855207496301e-01,9.582773946492058048e-01,9.537512212533222344e-01,9.599060855207496301e-01,9.586701834838061709e-01,9.599604500509082428e-01,9.540222762022364522e-01,9.589067365002797994e-01,9.610470655703652332e-01,9.526268961824472248e-01,9.592249275106006223e-01,9.266436792283554436e-01,9.582773946492058048e-01,9.445889182798812289e-01,9.534817565866525735e-01,9.531833091197146057e-01,9.246802220065839517e-01,9.663619907009743937e-01,9.663619907009743937e-01,9.559684632188923947e-01,9.281055191678507788e-01,9.599604500509082428e-01,9.579869037926903586e-01,9.573347509644178910e-01,9.554016973610648389e-01,9.596664116965547553e-01,9.573915490013251706e-01,9.492311411865780313e-01,9.581643603214443639e-01,9.593801841708874401e-01,9.599060855207496301e-01,9.599604500509082428e-01
9.600116812662473631e-01,9.584100762338492174e-01,9.591308120821400163e-01,9.599060855207496301e-01,9.582773946492058048e-01,9.537512212533222344e-01,9.599060855207496301e-01,9.586701834838061709e-01,9.599604500509082428e-01,9.540222762022364522e-01,9.589067365002797994e-01,9.610470655703652332e-01,9.526268961824472248e-01,9.592249275106006223e-01,9.266436792283554436e-01,9.582773946492058048e-01,9.445889182798812289e-01,9.534817565866525735e-01,9.531833091197146057e-01,9.246802220065839517e-01,9.663619907009743937e-01,9.663619907009743937e-01,9.559684632188923947e-01,9.281055191678507788e-01,9.599604500509082428e-01,9.579869037926903586e-01,9.540953152360336365e-01,9.554016973610648389e-01,9.596664116965547553e-01,9.573915490013251706e-01,9.492311411865780313e-01,9.581643603214443639e-01,9.593801841708874401e-01,9.599060855207496301e-01,9.599604500509082428e-01
9.600116812662473631e-01,9.584100762338492174e-01,9.591308120821400163e-01,9.599060855207496301e-01,9.582773946492058048e-01,9.537512212533222344e-01,9.599060855207496301e-01,9.586701834838061709e-01,9.599604500509082428e-01,9.540222762022364522e-01,9.589067365002797994e-01,9.610470655703652332e-01,9.526268961824472248e-01,9.592249275106006223e-01,9.266436792283554436e-01,9.582773946492058048e-01,9.445889182798812289e-01,9.534817565866525735e-01,9.531833091197146057e-01,9.246802220065839517e-01,9.663619907009743937e-01,9.663619907009743937e-01,9.559684632188923947e-01,9.281055191678507788e-01,9.599604500509082428e-01,9.579869037926903586e-01,9.540953152360336365e-01,9.554016973610648389e-01,9.596664116965547553e-01,9.573915490013251706e-01,9.492311411865780313e-01,9.581643603214443639e-01,9.593801841708874401e-01,9.599060855207496301e-01,9.599604500509082428e-01
9.600116812662473631e-01,9.584100762338492174e-01,9.591308120821400163e-01,9.599060855207496301e-01,9.582773946492058048e-01,9.537512212533222344e-01,9.599060855207496301e-01,9.586701834838061709e-01,9.599604500509082428e-01,9.540222762022364522e-01,9.589067365002797994e-01,9.610470655703652332e-01,9.526268961824472248e-01,9.592249275106006223e-01,9.266436792283554436e-01,9.582773946492058048e-01,9.445889182798812289e-01,9.534817565866525735e-01,9.531833091197146057e-01,9.246802220065839517e-01,9.663619907009743937e-01,9.663619907009743937e-01,9.559684632188923947e-01,9.281055191678507788e-01,9.599604500509082428e-01,9.579869037926903586e-01,9.540953152360336365e-01,9.554016973610648389e-01,9.596664116965547553e-01,9.573915490013251706e-01,9.492311411865780313e-01,9.581643603214443639e-01,9.593801841708874401e-01,9.599060855207496301e-01,9.599604500509082428e-01
9.600116812662473631e-01,9.584100762338492174e-01,9.591308120821400163e-01,9.599060855207496301e-01,9.582773946492058048e-01,9.537512212533222344e-01,9.599060855207496301e-01,9.586701834838061709e-01,9.599604500509082428e-01,9.540222762022364522e-01,9.589067365002797994e-01,9.610470655703652332e-01,9.526268961824472248e-01,9.592249275106006223e-01,9.266436792283554436e-01,9.582773946492058048e-01,9.445889182798812289e-01,9.534817565866525735e-01,9.531833091197146057e-01,9.246802220065839517e-01,9.663619907009743937e-01,9.663619907009743937e-01,9.559684632188923947e-01,9.281055191678507788e-01,9.599604500509082428e-01,9.579869037926903586e-01,9.540953152360336365e-01,9.554016973610648389e-01,9.596664116965547553e-01,9.573915490013251706e-01,9.492311411865780313e-01,9.581643603214443639e-01,9.593801841708874401e-01,9.599060855207496301e-01,9.599604500509082428e-01
9.600116812662473631e-01,9.584100762338492174e-01,9.591308120821400163e-01,9.599060855207496301e-01,9.582773946492058048e-01,9.537512212533222344e-01,9.599060855207496301e-01,9.586701834838061709e-01,9.599604500509082428e-01,9.540222762022364522e-01,9.589067365002797994e-01,9.610470655703652332e-01,9.526268961824472248e-01,9.592249275106006223e-01,9.266436792283554436e-01,9.582773946492058048e-01,9.445889182798812289e-01,9.534817565866525735e-01,9.531833091197146057e-01,9.246802220065839517e-01,9.663619907009743937e-01,9.663619907009743937e-01,9.559684632188923947e-01,9.281055191678507788e-01,9.599604500509082428e-01,9.579869037926903586e-01,9.540953152360336365e-01,9.554016973610648389e-01,9.596664116965547553e-01,9.573915490013251706e-01,9.492311411865780313e-01,9.581643603214443639e-01,9.593801841708874401e-01,9.599060855207496301e-01,9.599604500509082428e-01
9.600116812662473631e-01,9.584100762338492174e-01,9.591308120821400163e-01,9.599060855207496301e-01,9.582773946492058048e-01,9.537512212533222344e-01,9.599060855207496301e-01,9.586701834838061709e-01,9.599604500509082428e-01,9.540222762022364522e-01,9.589067365002797994e-01,9.610470655703652332e-01,9.526268961824472248e-01,9.592249275106006223e-01,9.266436792283554436e-01,9.582773946492058048e-01,9.445889182798812289e-01,9.534817565866525735e-01,9.531833091197146057e-01,9.246802220065839517e-01,9.663619907009743937e-01,9.663619907009743937e-01,9.559684632188923947e-01,9.281055191678507788e-01,9.599604500509082428e-01,9.579869037926903586e-01,9.540953152360336365e-01,9.554016973610648389e-01,9.596664116965547553e-01,9.573915490013251706e-01,9.492311411865780313e-01,9.581643603214443639e-01,9.593801841708874401e-01,9.599060855207496301e-01,9.599604500509082428e-01
9.600164420941591503e-01,9.584100762338492174e-01,9.591308120821400163e-01,9.599060855207496301e-01,9.582773946492058048e-01,9.477694680786608039e-01,9.599060855207496301e-01,9.586701834838061709e-01,9.599604500509082428e-01,9.540222762022364522e-01,9.589067365002797994e-01,9.610470655703652332e-01,9.526268961824472248e-01,9.592249275106006223e-01,9.266436792283554436e-01,9.582773946492058048e-01,9.445889182798812289e-01,9.534817565866525735e-01,9.531833091197146057e-01,9.246802220065839517e-01,9.663619907009743937e-01,9.599060855207496301e-01,9.559684632188923947e-01,9.281055191678507788e-01,9.599604500509082428e-01,9.579869037926903586e-01,9.540953152360336365e-01,9.554016973610648389e-01,9.596664116965547553e-01,9.573915490013251706e-01,9.492311411865780313e-01,9.581643603214443639e-01,9.593801841708874401e-01,9.599060855207496301e-01,9.599604500509082428e-01
9.600164420941591503e-01,9.584100762338492174e-01,9.591308120821400163e-01,9.599060855207496301e-01,9.582773946492058048e-01,9.477694680786608039e-01,9.599060855207496301e-01,9.586701834838061709e-01,9.599604500509082428e-01,9.540222762022364522e-01,9.589067365002797994e-01,9.610470655703652332e-01,9.526268961824472248e-01,9.592249275106006223e-01,9.266436792283554436e-01,9.582773946492058048e-01,9.445889182798812289e-01,9.534817565866525735e-01,9.531833091197146057e-01,9.246802220065839517e-01,9.663619907009743937e-01,9.599060855207496301e-01,9.559684632188923947e-01,9.281055191678507788e-01,9.599604500509082428e-01,9.579869037926903586e-01,9.540953152360336365e-01,9.554016973610648389e-01,9.596664116965547553e-01,9.573915490013251706e-01,9.492311411865780313e-01,9.581643603214443639e-01,9.593801841708874401e-01,9.599060855207496301e-01,9.599604500509082428e-01
9.600164420941591503e-01,9.584100762338492174e-01,9.591308120821400163e-01,9.599060855207496301e-01,9.582773946492058048e-01,9.477694680786608039e-01,9.599060855207496301e-01,9.586701834838061709e-01,9.599604500509082428e-01,9.540222762022364522e-01,9.589067365002797994e-01,9.610470655703652332e-01,9.526268961824472248e-01,9.592249275106006223e-01,9.266436792283554436e-01,9.582773946492058048e-01,9.445889182798812289e-01,9.534817565866525735e-01,9.531833091197146057e-01,9.246802220065839517e-01,9.663619907009743937e-01,9.599060855207496301e-01,9.559684632188923947e-01,9.281055191678507788e-01,9.599604500509082428e-01,9.579869037926903586e-01,9.540953152360336365e-01,9.554016973610648389e-01,9.596664116965547553e-01,9.573915490013251706e-01,9.492311411865780313e-01,9.581643603214443639e-01,9.593801841708874401e-01,9.599060855207496301e-01,9.599604500509082428e-01
9.600164420941591503e-01,9.584100762338492174e-01,9.591308120821400163e-01,9.599060855207496301e-01,9.582773946492058048e-01,9.475511039655696299e-01,9.599060855207496301e-01,9.586701834838061709e-01,9.599604500509082428e-01,9.540222762022364522e-01,9.592376914667970489e-01,9.610470655703652332e-01,9.526268961824472248e-01,9.592249275106006223e-01,9.266436792283554436e-01,9.582773946492058048e-01,9.445889182798812289e-01,9.534817565866525735e-01,9.531833091197146057e-01,9.246802220065839517e-01,9.663619907009743937e-01,9.599060855207496301e-01,9.559684632188923947e-01,9.281055191678507788e-01,9.599604500509082428e-01,9.579869037926903586e-01,9.540953152360336365e-01,9.554016973610648389e-01,9.596664116965547553e-01,9.573915490013251706e-01,9.492311411865780313e-01,9.581643603214443639e-01,9.593801841708874401e-01,9.599060855207496301e-01,9.599604500509082428e-01
9.600164420941591503e-01,9.584100762338492174e-01,9.591308120821400163e-01,9.599060855207496301e-01,9.582773946492058048e-01,9.475511039655696299e-01,9.599060855207496301e-01,9.586701834838061709e-01,9.599604500509082428e-01,9.540222762022364522e-01,9.592376914667970489e-01,9.610470655703652332e-01,9.526268961824472248e-01,9.592249275106006223e-01,9.266436792283554436e-01,9.582773946492058048e-01,9.445889182798812289e-01,9.534817565866525735e-01,9.531833091197146057e-01,9.246802220065839517e-01,9.663619907009743937e-01,9.599060855207496301e-01,9.559684632188923947e-01,9.281055191678507788e-01,9.599604500509082428e-01,9.579869037926903586e-01,9.540953152360336365e-01,9.554016973610648389e-01,9.596664116965547553e-01,9.573915490013251706e-01,9.492311411865780313e-01,9.581643603214443639e-01,9.593801841708874401e-01,9.599060855207496301e-01,9.599604500509082428e-01
9.600164420941591503e-01,9.584100762338492174e-01,9.591308120821400163e-01,9.599060855207496301e-01,9.582773946492058048e-01,9.475511039655696299e-01,9.599060855207496301e-01,9.586701834838061709e-01,9.599604500509082428e-01,9.540222762022364522e-01,9.592376914667970489e-01,9.610470655703652332e-01,9.526268961824472248e-01,9.592249275106006223e-01,9.266436792283554436e-01,9.582773946492058048e-01,9.445889182798812289e-01,9.534817565866525735e-01,9.531833091197146057e-01,9.246802220065839517e-01,9.663619907009743937e-01,9.599060855207496301e-01,9.559684632188923947e-01,9.281055191678507788e-01,9.599604500509082428e-01,9.579869037926903586e-01,9.540953152360336365e-01,9.554016973610648389e-01,9.596664116965547553e-01,9.573915490013251706e-01,9.492311411865780313e-01,9.581643603214443639e-01,9.593801841708874401e-01,9.599060855207496301e-01,9.599604500509082428e-01
9.600164420941591503e-01,9.584100762338492174e-01,9.591308120821400163e-01,9.599604500509082428e-01,9.582773946492058048e-01,9.475511039655696299e-01,9.599060855207496301e-01,9.586701834838061709e-01,9.599604500509082428e-01,9.540222762022364522e-01,9.592376914667970489e-01,9.610470655703652332e-01,9.526268961824472248e-01,9.592249275106006223e-01,9.266436792283554436e-01,9.582773946492058048e-01,9.445889182798812289e-01,9.534817565866525735e-01,9.531833091197146057e-01,9.246802220065839517e-01,9.663619907009743937e-01,9.599060855207496301e-01,9.559684632188923947e-01,9.281055191678507788e-01,9.599604500509082428e-01,9.579869037926903586e-01,9.540953152360336365e-01,9.554016973610648389e-01,9.596664116965547553e-01,9.573915490013251706e-01,9.492311411865780313e-01,9.581643603214443639e-01,9.593801841708874401e-01,9.599060855207496301e-01,9.599604500509082428e-01
