5.449462652206420898e+01,5.525333213806152344e+01,5.983749699592589621e+01,6.087410736083984375e+01,7.509575629234313965e+01,6.112588024139404297e+01,6.070947337150574441e+01,4.700314593315125222e+01,4.470812153816222434e+01,4.624440717697143555e+01,4.729483938217163086e+01,4.916301608085632324e+01,4.777746272087097168e+01,4.911503124237060547e+01,5.047547173500061035e+01,5.569646406173706055e+01,5.373071551322937012e+01,5.476215076446533203e+01,5.572143197059631348e+01,5.718998813629150391e+01,5.731519794464111328e+01,6.124772405624389648e+01,4.729169225692749023e+01,5.453086447715759277e+01,5.351643252372742410e+01,5.252080178260803223e+01,5.665840244293212891e+01,5.608166027069091797e+01,5.600449991226196289e+01,5.401759433746337891e+01,5.137394762039185281e+01,6.311916685104370117e+01,6.523666048049928179e+01,6.258880376815795898e+01,7.957344412803649902e+01
5.826050162315368652e+01,6.052805900573729758e+01,6.758216881752014160e+01,6.653505802154541016e+01,8.964377355575562945e+01,6.644264316558837891e+01,6.495526528358460894e+01,5.065963578224182129e+01,4.851475834846496582e+01,5.111265063285828347e+01,5.085685801506042480e+01,5.436605548858642578e+01,5.256094551086425781e+01,5.244521212577820535e+01,5.530993270874024148e+01,6.705377149581909180e+01,5.801412105560302734e+01,6.464279723167420855e+01,6.766350722312927246e+01,6.362210202217102051e+01,6.561772441864013672e+01,6.823063516616821289e+01,5.191305208206177468e+01,5.908044385910034180e+01,6.142675209045410156e+01,5.550200676918029785e+01,6.158301424980164285e+01,6.434881901741027832e+01,6.564579105377197266e+01,5.706707692146300559e+01,5.745772671699523926e+01,7.003010439872743120e+01,7.323457574844358930e+01,7.047846031188966265e+01,9.748221421241760254e+01
6.287018156051635742e+01,6.844320154190063477e+01,7.446034979820251465e+01,7.699542570114135742e+01,1.139652554988861226e+02,7.473183083534240723e+01,6.796571898460388184e+01,5.408184599876403809e+01,5.257624483108521218e+01,5.896002531051635742e+01,7.583627390861511230e+01,5.736780595779418945e+01,5.599910593032836914e+01,5.716579818725585938e+01,6.198230695724486594e+01,8.792980146408081055e+01,9.473658990859983930e+01,7.903706169128419390e+01,8.583073329925537109e+01,8.062223196029661665e+01,7.122955489158628950e+01,7.904617762565612793e+01,6.623646450042724609e+01,6.653647422790527344e+01,7.542771315574644575e+01,6.061419486999511719e+01,6.689587616920471191e+01,8.366265177726745605e+01,8.039680123329162598e+01,6.483323049545288086e+01,6.495824217796325684e+01,7.736413860321044922e+01,7.960851478576658735e+01,7.681392455101011763e+01,1.203425469398498393e+02
7.027692127227783203e+01,7.500510168075562945e+01,8.445405602455139160e+01,8.589237332344053755e+01,1.660908226966858194e+02,8.327836346626280317e+01,7.515179228782655230e+01,6.122295093536376953e+01,7.104511022567747602e+01,8.114864468574522505e+01,9.265287923812866211e+01,6.854821896553039551e+01,8.355827450752256880e+01,7.038006830215455523e+01,7.856679558753967285e+01,2.295655913352966309e+02,1.600875108242034912e+02,1.130872659683227681e+02,1.178639330863952637e+02,1.159040524959564209e+02,8.661560201644897461e+01,9.918550801277159223e+01,1.003989148139953613e+02,8.910052585601806641e+01,9.821052503585815430e+01,6.948980307579039106e+01,8.413143205642700195e+01,1.252123732566833638e+02,1.099925837516784810e+02,9.330393505096435547e+01,7.799038481712339888e+01,9.194267320632935991e+01,9.220927476882935991e+01,8.845895409584045410e+01,1.739169311523437500e+02
7.960566234588623047e+01,8.041026878356935015e+01,1.053523769378662109e+02,1.040857594013214111e+02,2.338370153903960897e+02,1.008401906490325928e+02,8.220253610610963335e+01,6.987967181205750933e+01,1.107537269592285156e+02,1.176607410907745503e+02,1.196129217147827148e+02,9.114767837524414062e+01,1.398120324611663818e+02,9.847329330444335938e+01,1.033222765922546387e+02,3.721997447013854980e+02,2.158273015022277548e+02,1.407618479728698730e+02,1.372439723014831543e+02,1.654475779533386230e+02,1.063732018470764160e+02,1.640028660297393799e+02,1.506984124183654501e+02,1.220090341567993164e+02,1.289157600402832031e+02,9.542908382415771484e+01,1.126177651882171631e+02,2.392045807838439941e+02,1.452762572765350342e+02,1.789816973209381104e+02,1.120239748954772949e+02,1.160913686752319194e+02,1.173714065551757812e+02,1.098623123168945170e+02,2.201272878646850302e+02
9.020021605491638184e+01,8.713303065299987793e+01,1.367326717376708984e+02,1.338574538230895996e+02,2.942202754020691486e+02,1.214127051830291606e+02,8.756986236572265625e+01,7.942718505859375000e+01,1.984526152610778809e+02,1.502933630943298624e+02,1.493354587554931641e+02,1.061519923210144043e+02,1.640176434516907022e+02,1.360276045799255655e+02,1.292274258136749268e+02,4.602188766002655029e+02,2.766666750907897949e+02,1.556632642745971395e+02,1.569656436443328573e+02,2.073181200027465536e+02,1.363842329978943155e+02,2.738473401069641113e+02,2.436191542148590088e+02,1.544800162315368937e+02,1.892324054241180420e+02,1.244466998577117920e+02,1.404634263515472412e+02,2.980680012702941895e+02,1.829350934028625488e+02,2.325635032653808594e+02,1.597303771972656250e+02,1.501735558509826944e+02,1.493428490161896036e+02,1.388768312931060791e+02,2.566580762863159180e+02
1.046385600566864014e+02,9.585033440589904785e+01,1.639473874568938925e+02,1.613743867874145792e+02,3.476372060775756836e+02,1.556570367813110352e+02,9.229945492744445801e+01,8.705269670486450195e+01,2.674833905696868896e+02,1.844358975887298584e+02,1.860080499649048136e+02,1.347525231838226318e+02,1.955736074447631836e+02,1.732283999919891357e+02,1.631349015235900879e+02,5.377730481624603271e+02,3.176056401729583740e+02,2.078004763126373291e+02,1.842548358440399170e+02,2.455489408969879150e+02,1.729535107612609863e+02,3.556285319328308105e+02,3.602394220829010010e+02,1.875291612148284912e+02,2.642063059806824299e+02,1.642619359493255615e+02,1.602616612911224365e+02,3.416190550327301594e+02,2.073742742538451864e+02,2.686441078186035156e+02,1.841539304256439209e+02,1.898276641368865967e+02,1.883350226879119873e+02,1.701517834663390829e+02,2.932504262924194336e+02
1.242023448944091797e+02,1.048807921409607076e+02,1.949195640087127970e+02,1.880452461242675781e+02,3.960912814140319824e+02,1.865867271423339844e+02,9.601506495475769043e+01,9.506885719299316406e+01,3.785938286781311035e+02,2.117249181270599649e+02,2.269893903732300089e+02,1.475565173625945761e+02,2.146549148559570312e+02,2.309624366760253906e+02,1.961642301082611084e+02,5.967287390232086182e+02,3.644428789615631104e+02,2.769354515075684162e+02,2.231264998912811564e+02,2.823498108386992840e+02,2.216759679317474365e+02,4.250192170143128010e+02,4.815090038776397705e+02,2.152341892719268799e+02,3.514947438240051270e+02,2.280788197517395020e+02,1.814506185054779053e+02,3.575732765197753906e+02,2.303289766311645224e+02,3.154922349452972412e+02,2.305477430820465088e+02,2.233287570476531982e+02,2.165733132362365723e+02,2.120014111995697021e+02,3.278235323429108234e+02
1.473132467269897461e+02,1.159727625846862793e+02,2.240718989372253134e+02,2.124627840518951416e+02,4.354073412418365479e+02,2.054941563606262491e+02,1.007461543083190776e+02,1.053976733684539795e+02,4.519218070507049561e+02,2.434908003807068155e+02,2.661070091724395752e+02,1.689219896793365763e+02,2.394088540077209188e+02,2.861453568935394287e+02,2.254495952129364014e+02,6.528994550704956055e+02,4.663697872161865234e+02,3.296521701812743572e+02,2.627971522808074951e+02,3.131639914512633709e+02,2.481169149875640869e+02,4.649713389873504639e+02,6.465479531288148110e+02,2.481114501953125000e+02,4.457237801551818848e+02,2.877235462665558430e+02,2.125933876037597656e+02,4.170968048572540283e+02,2.492521495819091797e+02,3.318527641296386719e+02,2.839576623439788818e+02,2.542967605590820312e+02,2.429088606834411905e+02,2.376395621299743937e+02,3.601414151191711994e+02
1.713617095947265625e+02,1.222857320308685161e+02,2.543638815879821493e+02,2.365704760551452637e+02,4.880513672828673748e+02,2.264855723381042480e+02,1.056986904144287109e+02,1.168203978538513184e+02,5.433709285259246826e+02,2.670836732387543293e+02,2.991833882331848145e+02,1.858814756870269775e+02,2.745280961990355877e+02,3.554713149070739746e+02,2.518267233371734335e+02,6.944110546112060547e+02,5.566308567523956299e+02,4.042171638011932373e+02,2.951387863159180256e+02,3.450105390548706055e+02,2.719042692184448242e+02,4.931829586029053303e+02,7.556548678874969482e+02,2.724568696022033691e+02,5.133633456230163574e+02,3.382125771045684814e+02,2.710974023342133137e+02,4.588985729217528728e+02,2.730506594181060791e+02,3.473069524765014648e+02,3.101793713569641113e+02,2.900231907367706299e+02,2.695339374542236328e+02,2.673115494251250652e+02,4.118446707725524902e+02
1.901151304244995117e+02,1.297441399097442627e+02,2.882155935764313313e+02,2.580851676464080811e+02,5.476960985660552979e+02,2.486849753856658936e+02,1.094628598690032959e+02,1.268366084098815918e+02,6.695998287200927734e+02,2.857421629428864094e+02,3.220402050018310547e+02,2.085098009109496786e+02,2.981994140148163410e+02,4.915641746520996094e+02,2.857122447490691570e+02,7.343539466857910156e+02,5.770452935695647056e+02,5.271436727046966553e+02,3.193866763114928631e+02,3.911244566440581707e+02,2.843085167407989502e+02,5.281628909111022949e+02,8.798467307090759277e+02,3.278212139606476399e+02,5.692265589237211998e+02,3.827819521427154541e+02,3.187112069129943848e+02,5.919312357902527992e+02,2.988493125438690186e+02,3.567138457298278809e+02,3.748439123630523682e+02,3.262944598197937012e+02,3.087654080390930176e+02,3.191094021797180176e+02,4.520731403827667236e+02
2.134606134891510010e+02,1.382874343395233154e+02,3.222083201408386230e+02,2.877724556922912598e+02,5.991881711483002846e+02,2.730345940589905354e+02,1.132088260650634766e+02,1.358215804100036621e+02,7.760358629226684570e+02,3.063842124938964844e+02,3.467190942764282227e+02,2.385896060466766357e+02,3.587703821659088135e+02,5.982214820384978111e+02,3.174556307792663574e+02,7.886587431430817787e+02,5.918573451042175293e+02,6.546797373294830322e+02,3.620556886196137043e+02,4.497465000152587891e+02,2.948648169040679932e+02,5.573466451168060303e+02,9.818903589248656090e+02,4.117839467525482178e+02,6.070260307788848877e+02,4.285194716453552246e+02,4.039865338802337646e+02,6.223552017211914062e+02,3.458224737644196125e+02,3.658432877063751221e+02,4.150341727733612061e+02,3.565843267440795898e+02,3.380387303829193115e+02,3.482029633522033691e+02,4.909517197608947754e+02
2.305240592956542969e+02,1.472133290767669678e+02,3.616851716041564941e+02,3.155063097476958660e+02,6.493372731208801270e+02,3.054430453777313232e+02,1.173725552558898784e+02,1.443066263198852539e+02,8.941502337455749512e+02,3.373512587547301678e+02,3.699422991275787354e+02,2.797939324378967854e+02,4.252344226837158203e+02,6.855145795345306396e+02,3.537691771984100342e+02,8.144882373809814453e+02,6.136184604167937096e+02,7.958627815246582031e+02,3.902678127288817791e+02,5.016186561584472656e+02,3.135428001880646320e+02,6.347095246315002441e+02,1.136302811622619402e+03,5.247703785896301270e+02,6.497789666652680580e+02,4.549939479827881428e+02,4.817830502986907959e+02,6.813748817443847656e+02,4.265662114620208740e+02,3.776409721374511719e+02,4.522023353576660156e+02,3.813344969749450684e+02,3.692927372455596924e+02,3.790758247375488281e+02,5.598505461215972900e+02
2.452593986988067911e+02,1.554223077297210978e+02,4.038867847919464111e+02,3.431709661483765217e+02,6.883666868209838867e+02,3.364173827171325684e+02,1.211387259960174561e+02,1.538071565628052042e+02,1.027385536432266235e+03,3.546341242790222168e+02,3.908374650478363037e+02,3.185049462318420979e+02,4.762189278602599529e+02,7.398044149875640869e+02,3.773739092350006104e+02,8.366366698741912842e+02,6.456640658378601074e+02,8.823520603179932777e+02,4.074484179019927979e+02,5.308646523952484131e+02,3.542022769451141357e+02,6.818273153305053711e+02,1.332628867149353027e+03,6.460443332195283119e+02,6.697334651947021484e+02,5.126289174556732178e+02,5.420371875762940590e+02,7.288000149726867676e+02,5.049721405506134033e+02,3.904699862003326416e+02,4.712667012214660645e+02,4.059934289455413818e+02,4.120890963077545166e+02,4.090036361217498779e+02,6.297319917678831871e+02
2.609166841506958008e+02,1.643499586582183838e+02,4.429462656974792480e+02,3.709224522113800049e+02,7.499300148487091064e+02,3.608903493881225586e+02,1.251991639137267924e+02,1.633702931404113770e+02,1.177504275321960449e+03,4.074583621025084881e+02,4.205397431850432781e+02,3.442985053062438965e+02,5.304635288715363686e+02,7.926855788230895996e+02,4.023488667011260986e+02,8.816035573482512291e+02,6.919885060787200928e+02,9.381335003376007080e+02,4.257911322116851807e+02,5.503137562274932861e+02,3.669486746788024902e+02,7.299328460693359375e+02,1.501782455205917358e+03,7.457074310779572670e+02,6.902504992485046387e+02,5.418027980327606201e+02,6.094168193340302651e+02,7.706466391086577232e+02,5.793366260528563316e+02,4.006269257068634033e+02,5.038626923561096191e+02,4.267419424057006836e+02,4.629128334522247314e+02,4.325473189353942871e+02,6.910512597560882568e+02
2.755895373821258545e+02,1.710444207191467001e+02,4.886523964405059814e+02,4.035225756168365479e+02,8.013326914310455322e+02,3.856271209716796875e+02,1.317957615852355957e+02,1.719489955902099609e+02,1.386780941486358643e+03,4.437620801925658611e+02,4.514720811843872070e+02,3.707740633487700848e+02,5.888026499748229980e+02,8.308180294036865234e+02,4.251137616634368896e+02,9.411903944015504067e+02,7.328520998954772949e+02,9.808334553241729736e+02,4.376034362316131592e+02,5.758655314445496742e+02,3.749191346168518066e+02,7.652232761383057777e+02,1.701402987480163574e+03,8.199312796592712402e+02,7.018606710433959961e+02,5.587102096080780029e+02,6.800935473442077637e+02,8.143996438980102539e+02,6.660144531726837158e+02,4.261443111896514893e+02,6.021194448471068199e+02,4.454215435981751057e+02,5.607903454303741455e+02,4.663824787139892578e+02,7.638590233325958252e+02
2.894810719490051270e+02,1.760081586837768839e+02,5.348462526798248291e+02,4.348238868713378906e+02,8.791804046630859375e+02,4.118601074218750000e+02,1.367142853736877157e+02,1.805745675563812540e+02,1.612259376764297485e+03,5.022572202682495117e+02,5.153788788318634033e+02,4.114358282089233398e+02,6.690604891777038574e+02,8.878343117237091064e+02,4.506552159786223797e+02,9.965719609260560219e+02,7.813849313259124756e+02,1.029633793830871582e+03,4.528928327560424805e+02,6.135026907920837402e+02,3.950476021766663166e+02,8.015902969837188721e+02,1.842719376564025652e+03,8.992492308616638184e+02,7.131583209037780762e+02,5.801179277896881104e+02,7.245497269630432129e+02,8.497770738601684570e+02,7.826474690437316895e+02,4.429549567699431805e+02,7.315658378601074219e+02,4.647073185443878174e+02,6.641732909679412842e+02,4.915572264194488525e+02,8.252156388759613037e+02
3.014662506580353352e+02,1.847474727630615234e+02,5.920804173946381752e+02,4.623332133293151855e+02,9.385104370117187500e+02,4.340498211383820149e+02,1.426597497463226318e+02,1.854656412601470947e+02,1.754389309167861938e+03,5.643078572750092690e+02,5.365169501304626465e+02,4.388220903873443604e+02,7.347079052925109863e+02,9.369606411457061768e+02,4.798670022487640381e+02,1.031965310811996233e+03,8.221560623645782471e+02,1.057605647802353133e+03,4.641462016105651855e+02,6.461598484516143799e+02,4.106871774196624756e+02,8.505305881500244141e+02,2.031582046270370483e+03,9.834875352382659912e+02,7.346597986221312340e+02,5.930875794887542725e+02,7.712716877460479736e+02,9.024838187694549561e+02,8.872015249729156494e+02,4.573828482627868652e+02,9.074216666221619789e+02,4.875719649791717529e+02,7.568589553833007812e+02,5.218167405128479004e+02,8.685247888565062340e+02
3.120606873035431477e+02,1.927436196804046347e+02,6.320796403884887695e+02,4.993937959671020508e+02,1.042190363168716431e+03,4.538292131423950195e+02,1.465757243633270264e+02,1.894814202785491943e+02,1.868653855323791504e+03,6.372610628604888916e+02,5.777065804004668053e+02,4.609914121627808186e+02,7.802048738002777100e+02,9.764818849563599770e+02,5.023067069053649902e+02,1.065281618118285905e+03,8.678591883182525635e+02,1.083543716430664062e+03,4.787243385314940838e+02,7.084718756675720215e+02,4.167977378368377686e+02,8.769293334484100342e+02,2.253549880981444858e+03,1.078384681463241577e+03,7.577082555294036865e+02,6.016662855148314293e+02,8.192593598365783691e+02,1.186157702922821045e+03,9.819093024730682373e+02,5.116757252216339111e+02,1.080962984561920393e+03,5.096213924884796143e+02,8.218033671379089355e+02,5.543055260181427002e+02,9.209540498256683350e+02
3.254365811347961426e+02,1.987672612667084024e+02,6.794902746677398682e+02,5.548941452503203209e+02,1.102773908615112305e+03,4.855368890762329102e+02,1.508229045867919922e+02,1.975600860118865967e+02,1.958971220493316650e+03,6.981601996421813965e+02,6.237686493396759033e+02,4.796417214870452881e+02,8.205543320178985596e+02,1.010787657499313354e+03,5.351991074085236733e+02,1.101258901119232178e+03,9.158800721168518066e+02,1.100781534194946516e+03,5.106280074119567871e+02,7.543244729042053223e+02,4.240572528839111328e+02,9.020874302387237549e+02,2.533155713081360318e+03,1.139701394081115495e+03,7.793659937381744385e+02,6.120107526779174805e+02,8.746225552558898926e+02,1.219831894874572754e+03,1.069321556806564331e+03,5.303020062446593101e+02,1.196799076080322493e+03,5.393463151454926674e+02,8.844513938426971436e+02,5.914506466388702393e+02,9.610786988735200111e+02
3.374686164855957031e+02,2.069868981838226318e+02,7.220940675735473633e+02,5.968833148479462807e+02,1.152430804491042863e+03,5.131626477241516113e+02,1.550896713733673096e+02,2.021072633266448975e+02,2.068990708589554288e+03,7.624691402912139893e+02,6.491690833568571861e+02,5.035245106220245361e+02,8.585754635334014893e+02,1.045117039918899764e+03,5.576376006603240967e+02,1.183476829051971436e+03,1.015077512741088754e+03,1.118530716657638322e+03,5.309609260559082031e+02,8.403600835800170898e+02,4.579460558891296387e+02,9.193095695972443764e+02,2.847718402862548828e+03,1.213222069978713989e+03,8.249159994125366211e+02,6.384813148975372314e+02,9.273449106216431801e+02,1.240927092552185059e+03,1.188626628160476685e+03,5.503658852577210610e+02,1.291351844787597429e+03,5.713006529808043297e+02,9.540482366085052490e+02,6.504526159763336182e+02,9.985909829139709473e+02
3.498444440364837646e+02,2.119894232749938965e+02,7.512028915882110596e+02,6.416607787609099205e+02,1.208255427360534895e+03,5.541094646453856285e+02,1.586681027412414835e+02,2.058887650966644287e+02,2.263696733236312866e+03,8.450206255912780762e+02,6.716793422698975746e+02,5.265375175476073082e+02,9.027958898544312660e+02,1.063677733421325684e+03,5.838524489402770996e+02,1.254132785797119368e+03,1.178765736818313371e+03,1.137136409282684554e+03,5.508055911064147949e+02,8.841432337760925293e+02,4.821054229736328125e+02,9.483803873062133789e+02,3.188913718461990356e+03,1.291008071184158553e+03,8.425422086715698242e+02,6.550762040615082924e+02,9.830812578201293945e+02,1.270163476467132568e+03,1.287585957527160417e+03,5.713829543590546791e+02,1.345636823654174805e+03,6.277254056930543129e+02,9.994405884742736816e+02,6.992474496364593506e+02,1.041708169937133789e+03
3.595169584751128582e+02,2.168002605438232422e+02,7.863075141906737144e+02,7.085997536182403564e+02,1.249981759309768677e+03,5.795936038494110107e+02,1.617925250530243204e+02,2.095452475547790243e+02,2.525346933841704868e+03,8.641717212200164795e+02,7.032606120109558105e+02,5.679208047389984131e+02,9.384056999683380127e+02,1.079833717107772600e+03,6.194090940952301025e+02,1.358590076684951782e+03,1.372956695079803467e+03,1.169342468976974487e+03,5.695267317295073326e+02,9.114211616516112144e+02,4.889460484981536865e+02,9.606942968368530273e+02,3.489326632022857666e+03,1.364091216087341309e+03,8.626217148303985596e+02,6.684990005493164062e+02,1.018677454471588021e+03,1.291179951906204224e+03,1.388097107648849487e+03,5.911968138217926025e+02,1.398863474845886230e+03,6.847308466434478760e+02,1.051069180727005005e+03,7.312604203224182129e+02,1.072202423572540511e+03
3.720959167480468750e+02,2.220951595306396200e+02,8.386304259300231934e+02,7.731201567649841309e+02,1.285582721233368147e+03,6.076389951705932617e+02,1.688159112930298136e+02,2.136393876075744629e+02,2.712569696426392056e+03,8.786590640544891357e+02,7.868000936508178711e+02,5.993802525997163002e+02,9.787129640579223633e+02,1.091447755336761702e+03,6.525100390911102295e+02,1.444060084819793474e+03,1.636619220733642578e+03,1.216329195976257324e+03,5.857324163913727944e+02,9.544264142513276283e+02,4.974787933826447102e+02,9.943392312526704018e+02,3.794660106182097934e+03,1.409254818677902222e+03,8.755288493633270264e+02,6.777808868885040283e+02,1.063196154356002808e+03,1.316306676864624023e+03,1.529450574874877930e+03,6.099481036663054283e+02,1.481947309732437134e+03,7.704475460052490234e+02,1.082645914554595947e+03,7.658739697933197021e+02,1.108472661256790389e+03
3.838154296875000000e+02,2.271032912731170939e+02,8.797416043281555176e+02,8.521777894496917725e+02,1.321402380466461182e+03,6.302620720863342285e+02,1.740426747798919678e+02,2.205772449970245361e+02,3.134373008489608765e+03,8.956427769660949707e+02,8.203247594833374023e+02,6.180931520462036133e+02,1.018667900085449219e+03,1.123786881685256958e+03,6.961418728828430176e+02,1.475852675676345825e+03,1.750845767498016357e+03,1.244784180641174544e+03,6.111375660896301270e+02,9.866285347938537598e+02,5.330785131454467773e+02,1.006768795967102051e+03,4.030442557573318936e+03,1.474618680953979492e+03,8.917330882549285889e+02,6.957196207046508789e+02,1.104183328628540039e+03,1.333245341062545776e+03,1.655413911342620850e+03,6.300276076793671791e+02,1.575108113765716553e+03,8.439465389251708984e+02,1.115184775114059448e+03,8.051604959964752197e+02,1.136750149011611938e+03
3.964568896293640137e+02,2.311706912517547892e+02,9.195421061515808105e+02,9.199460315704345703e+02,1.354253991603851318e+03,6.588972411155701820e+02,1.772067434787750244e+02,2.276402161121368408e+02,3.500007501125336148e+03,9.417025325298308189e+02,8.573170883655548096e+02,6.368766007423400879e+02,1.039452074289322127e+03,1.144765480518341064e+03,7.564263792037963867e+02,1.513025667428970564e+03,1.948160847425460815e+03,1.270606797933578491e+03,6.725761930942534264e+02,1.022132415056228638e+03,5.702365911006927490e+02,1.064792574167251587e+03,4.274849972248076483e+03,1.512824430704116821e+03,9.137971062660216148e+02,7.026419730186462402e+02,1.132919677257537614e+03,1.361419150829315186e+03,1.781281935930252075e+03,6.563419158458709717e+02,1.640612611532211304e+03,9.150064988136292641e+02,1.148536530256271590e+03,8.415175514221191406e+02,1.179623620986938477e+03
4.119579138755798340e+02,2.390117924213409140e+02,9.486528079509736244e+02,1.003512614250183219e+03,1.383668914794921875e+03,6.790274307727813721e+02,1.800535955429077148e+02,2.322030239105224609e+02,3.914412621736526944e+03,9.588629107475280762e+02,8.919479489326477051e+02,6.595810244083405678e+02,1.069044854164123763e+03,1.166811297655105363e+03,7.964536166191101074e+02,1.543986724615097046e+03,2.179465053081512451e+03,1.295356377124786604e+03,7.065343980789184570e+02,1.062206327915191650e+03,6.056075973510742188e+02,1.159245020151138533e+03,4.502311256885529474e+03,1.549326941728591919e+03,9.348610525131225586e+02,7.146584217548370361e+02,1.176516421318054199e+03,1.389112800836563110e+03,1.906024881124496460e+03,6.772652261257172768e+02,1.749123476028442383e+03,9.998707547187804039e+02,1.192131786584853899e+03,8.655959577560424805e+02,1.209458317041396867e+03
4.280527400970458984e+02,2.450467925071716309e+02,9.945325908660887535e+02,1.061958976745605696e+03,1.399650972366333008e+03,7.148143539428710938e+02,1.877218556404113770e+02,2.377346479892730997e+02,4.273344156265258789e+03,9.771807644367218018e+02,9.227353866100312416e+02,6.831329987049102783e+02,1.092561040163040389e+03,1.198769572973251115e+03,8.608229076862335205e+02,1.586105086565017473e+03,2.496926427841186523e+03,1.320368341922760010e+03,7.551203553676605225e+02,1.088072921276092302e+03,6.295501599311828613e+02,1.171064841985702515e+03,4.755438021659851074e+03,1.627908616781234741e+03,9.935351049900056069e+02,7.273155434131622314e+02,1.215815996408462524e+03,1.436772327899932861e+03,2.026751924276351929e+03,7.041264495849609375e+02,1.820784650325775146e+03,1.069772718906402588e+03,1.225476121902465820e+03,8.894915149211883545e+02,1.241975107192993391e+03
4.475227639675140381e+02,2.528681039810180948e+02,1.050203214406967390e+03,1.096678489208221436e+03,1.421177136898040771e+03,7.424591977596282959e+02,1.949601316452026367e+02,2.414850068092346191e+02,4.618430362939835504e+03,9.960355672836303711e+02,9.470095357894896324e+02,7.158874983787537758e+02,1.114815961122512817e+03,1.218420128822326888e+03,9.296598212718963623e+02,1.652928794384002686e+03,2.782963382482529141e+03,1.350912177562713396e+03,7.899687588214874268e+02,1.143096004486083984e+03,6.373350682258605957e+02,1.190830919265747070e+03,5.071870678186417535e+03,1.677524808406829834e+03,1.040913358688354265e+03,7.341441366672515869e+02,1.228926275014877319e+03,1.470649653196334839e+03,2.140009706258774258e+03,7.316439621448516846e+02,1.899618191957473528e+03,1.129906572341918945e+03,1.261166027307510603e+03,9.279648964405059814e+02,1.272717899084091187e+03
4.719462542533874512e+02,2.592009174823760986e+02,1.087220862388610612e+03,1.127499330997467041e+03,1.436983921051025391e+03,7.725756266117095947e+02,1.992589881420135498e+02,2.484697399139404297e+02,4.964915449619293213e+03,1.028958160161972046e+03,9.938796157836914062e+02,7.360222859382629395e+02,1.154868051528930891e+03,1.242506539344787370e+03,9.758586943149567787e+02,1.680216521501541138e+03,3.153723229169845581e+03,1.391596433401107788e+03,8.122674469947814941e+02,1.212817225217819214e+03,6.587778308391571045e+02,1.213883382081985474e+03,5.406518667936325073e+03,1.714589857101440430e+03,1.050835915088653564e+03,7.447698678970336914e+02,1.246286842584609985e+03,1.493291832208633423e+03,2.230373413085937045e+03,7.593489904403687660e+02,1.968232278585433960e+03,1.218859704732895125e+03,1.296089356899261475e+03,9.588221240043640137e+02,1.301776235818863142e+03
5.015263414382935139e+02,2.671520199775695801e+02,1.122908894538879395e+03,1.159016741752624512e+03,1.457291081905364990e+03,7.992801306247711182e+02,2.034832613468170166e+02,2.537670693397521973e+02,5.316861502647399902e+03,1.046556698083877563e+03,1.015841553926468009e+03,7.705002479553222656e+02,1.185418803930282365e+03,1.265104491472244490e+03,1.001494141340255624e+03,1.734406913757324219e+03,3.441525902986526489e+03,1.468667285442352522e+03,8.326947906017302330e+02,1.241236942529678572e+03,6.740507876873016357e+02,1.241233567476272356e+03,5.716461004734039307e+03,1.765733996868133545e+03,1.059195863485336304e+03,7.576301257610321045e+02,1.271116670846938860e+03,1.517340357303619385e+03,2.317770041227341153e+03,7.830381171703338623e+02,2.045596969842910767e+03,1.308783713340759277e+03,1.327043992280959856e+03,9.905737009048461914e+02,1.326435752391815186e+03
5.360286118984221275e+02,2.754548695087433430e+02,1.156535181999206543e+03,1.190758820772171021e+03,1.479005340814590454e+03,8.379268994331359863e+02,2.071549577713012695e+02,2.586736645698547363e+02,5.708549331188201904e+03,1.065536151885986328e+03,1.038504489421844255e+03,7.904293758869171143e+02,1.201101866245269775e+03,1.287066172122955322e+03,1.023938945531845206e+03,1.846277481317520142e+03,3.874493774175643921e+03,1.581768260955810547e+03,8.548075640201568604e+02,1.274740001678466797e+03,6.820911655426024254e+02,1.260996889591217041e+03,6.043952255964278265e+03,1.827253846168518066e+03,1.111730723381042253e+03,7.694903132915496826e+02,1.286351498126983415e+03,1.539732522249221802e+03,2.403557183265686035e+03,8.068835053443908691e+02,2.136962620258331754e+03,1.416117753982543945e+03,1.360735144853592146e+03,1.027391681671142578e+03,1.353772809505462419e+03
5.684057512283325195e+02,2.840176162719725994e+02,1.211239370822906494e+03,1.223238458633422624e+03,1.495980308771133423e+03,8.740823681354522705e+02,2.101760625839233114e+02,2.632363514900207520e+02,6.083214865446091608e+03,1.082292813777923584e+03,1.072288385152816772e+03,8.262817151546477135e+02,1.216328278779983521e+03,1.315331667661666643e+03,1.067068994045257568e+03,1.948008620977401506e+03,4.164013663530349731e+03,1.724734578371047974e+03,8.832692358493804932e+02,1.307740606784820557e+03,7.014805710315704346e+02,1.303011957883834611e+03,6.323909637928009033e+03,1.881257554292678833e+03,1.197095963716506958e+03,7.816786513328552246e+02,1.307946733951568376e+03,1.570201519250869751e+03,2.498673094987868808e+03,8.308851549625397865e+02,2.199496293783187866e+03,1.493456443786621094e+03,1.399335707664489519e+03,1.055069377183914185e+03,1.377300622940063477e+03
5.988296382427216713e+02,2.895476152896881104e+02,1.251121234178542863e+03,1.250400426387786638e+03,1.518564688682556152e+03,9.062636382579803467e+02,2.141349844932555868e+02,2.681585566997528076e+02,6.489820922136307672e+03,1.133159959316253435e+03,1.098715447664260637e+03,8.575477828979492188e+02,1.235507806539535522e+03,1.344979741096496355e+03,1.097117589473724365e+03,2.079247186660766602e+03,4.384216290712357477e+03,1.858336318254470825e+03,9.295706169605256264e+02,1.346924427032470703e+03,7.113314528465270996e+02,1.327784892320632935e+03,6.527032967090606689e+03,1.927213837862014771e+03,1.223379019975662231e+03,8.264942326545715332e+02,1.347011915445327759e+03,1.625002158880233765e+03,2.572787560224533081e+03,8.593714873790740967e+02,2.272157534599303744e+03,1.578661691904067993e+03,1.431408969402313232e+03,1.087141271829604875e+03,1.408708320379257202e+03
6.282065775394439697e+02,2.939098803997040363e+02,1.294111073017120589e+03,1.279252979516983032e+03,1.542555739164352417e+03,9.342739517688752358e+02,2.179228525161743164e+02,2.711274881362915039e+02,6.837892358541489557e+03,1.158858499765395891e+03,1.126916087865829468e+03,8.841542522907257080e+02,1.262015196800231934e+03,1.382776167631149292e+03,1.119451732635498047e+03,2.125822778224945068e+03,4.602739463567733765e+03,1.999111502647399902e+03,9.778171725273132324e+02,1.385014186143875122e+03,7.232226295471191406e+02,1.398734946727752686e+03,6.670220723867415472e+03,1.974826482772827148e+03,1.245989950418472517e+03,8.463549685478210449e+02,1.375826396703719865e+03,1.706854942321777344e+03,2.646250357389450073e+03,8.871077728271484375e+02,2.331599118471145630e+03,1.667930454730987549e+03,1.463388439178466797e+03,1.115395554542541731e+03,1.433654154300689470e+03
6.557865386009216309e+02,2.976973583698272137e+02,1.335819967746734392e+03,1.309448970079421997e+03,1.566397938489913940e+03,9.617568612098693848e+02,2.249140634536743164e+02,2.745808589458465576e+02,7.213318508148193359e+03,1.184734572887420882e+03,1.150397922754287492e+03,9.125199100971221924e+02,1.281931097269058228e+03,1.421950999975204468e+03,1.143172295331954956e+03,2.147675008535385132e+03,4.971202274084091187e+03,2.130640181779860995e+03,1.018854573726654053e+03,1.450062828302383423e+03,7.567599740028381348e+02,1.428073845624923479e+03,6.841579929590224310e+03,2.004656657218933105e+03,1.269616568803787231e+03,8.954364674091339111e+02,1.410708039760589600e+03,1.771124981164932478e+03,2.726121590614318848e+03,9.004680614471435547e+02,2.395947289228439786e+03,1.742508827447891235e+03,1.486373169422149431e+03,1.149722403526306380e+03,1.467441735744476546e+03
6.794287209510802086e+02,3.016481184959412190e+02,1.368702820777893066e+03,1.338160934686660767e+03,1.587127414226531982e+03,1.006433798789978027e+03,2.321335792541503906e+02,2.808000249862670898e+02,7.606829913139343262e+03,1.205755806446075439e+03,1.178064957857131958e+03,9.453558206558227539e+02,1.304886973142624129e+03,1.456277744531631470e+03,1.171759868383407365e+03,2.205356355190277100e+03,5.341482382774353027e+03,2.224061688184737704e+03,1.059608756065368880e+03,1.482111196279525757e+03,7.822620580196380615e+02,1.485018345117568970e+03,6.948368516683577582e+03,2.041174790382385254e+03,1.300993131160735857e+03,9.118750965595244224e+02,1.434194032192230225e+03,1.798392482757568359e+03,2.811406839847564697e+03,9.293762967586516197e+02,2.450513536691665649e+03,1.822912941694259871e+03,1.514836779832839966e+03,1.192584048748016585e+03,1.495425620079040527e+03
7.084618930816650391e+02,3.063519675731658936e+02,1.397213167190551758e+03,1.362577040433883440e+03,1.610839942216873169e+03,1.044936604738235701e+03,2.390895588397980021e+02,2.857378561496734051e+02,8.003933467149733588e+03,1.225805527448654175e+03,1.210943108081817400e+03,9.892650086879730225e+02,1.347564597368240584e+03,1.509742389202117920e+03,1.188389626026153564e+03,2.256268512725830078e+03,5.598468786239624023e+03,2.315732435226440430e+03,1.109185489416122437e+03,1.513545260190963518e+03,7.938134808540344238e+02,1.564654079675674438e+03,7.078221187829970404e+03,2.064035737037658691e+03,1.340839618682861101e+03,9.352829549312592690e+02,1.462352210760116577e+03,1.876366587162017595e+03,2.936290420532226562e+03,9.511277892589567955e+02,2.555833273410797119e+03,1.912949003934860002e+03,1.548736823797225952e+03,1.222973777294158936e+03,1.519458205461502075e+03
7.301039483547210693e+02,3.116067247390746502e+02,1.423566315412521362e+03,1.384259417057037354e+03,1.640715842008590698e+03,1.078048922538757324e+03,2.469962553977966309e+02,2.896444683074951172e+02,8.437525923728942871e+03,1.244949737787246704e+03,1.231952608823776245e+03,1.024896094322204590e+03,1.368719531774520647e+03,1.559773390293121338e+03,1.209179690361022949e+03,2.307017581224441074e+03,5.852297893047332764e+03,2.411831554174422763e+03,1.173832192897796403e+03,1.549256351470947266e+03,8.049312450885772705e+02,1.612511843919754028e+03,7.212558542490004584e+03,2.074864612102508545e+03,1.365263172626495589e+03,9.465493531227111816e+02,1.487557068824768066e+03,2.114554826259613037e+03,3.021515024185181119e+03,9.765651834011077881e+02,2.649531835317612149e+03,2.021731990575790405e+03,1.577647433996200562e+03,1.243688535213470459e+03,1.552110824584960938e+03
7.564181866645812988e+02,3.154831721782684326e+02,1.458710319042205811e+03,1.397773305654525757e+03,1.678395823717117310e+03,1.096834703683853377e+03,2.542312207221984863e+02,2.942386825084686279e+02,8.791653707265853882e+03,1.268210226297378540e+03,1.290753323554992676e+03,1.066134637832641602e+03,1.381144516229629517e+03,1.606041871070861816e+03,1.226892846345901489e+03,2.367839899301528931e+03,6.280515459060668945e+03,2.497296370744704745e+03,1.206791427612304688e+03,1.579398701667785645e+03,8.231345267295837402e+02,1.645093570232391357e+03,7.362256324291229248e+03,2.098631864309310913e+03,1.391112947225570679e+03,9.897223401069639976e+02,1.526606626033782959e+03,2.271094955205916904e+03,3.087925836801528931e+03,1.008739269256591797e+03,2.727043533563613892e+03,2.117261953353882291e+03,1.604275640249252547e+03,1.277590818881988525e+03,1.583373953580856551e+03
7.818398759365081787e+02,3.224774191379546551e+02,1.491029510736465454e+03,1.415862780332565308e+03,1.712193413496017456e+03,1.117767255306244124e+03,2.615129568576813313e+02,3.012857711315155029e+02,9.215543360710144043e+03,1.284182569026947021e+03,1.363216031789779436e+03,1.102138210296630632e+03,1.388765187501907349e+03,1.679885185480117798e+03,1.240243141412734985e+03,2.387443016290665128e+03,6.767367453575134277e+03,2.600517078399657748e+03,1.234790785312652361e+03,1.607845783472061157e+03,8.410020427703857422e+02,1.668897893667221069e+03,7.527203303337097168e+03,2.145822605133056641e+03,1.404598246574401855e+03,1.003160762786865234e+03,1.581171028137207031e+03,2.494719695806503751e+03,3.157118089675903320e+03,1.043413526058197021e+03,2.788405261993408203e+03,2.217070979118346713e+03,1.631905248880386353e+03,1.305720870494842529e+03,1.621053955316543579e+03
8.067790346145629883e+02,3.277020077705383869e+02,1.539539946317672729e+03,1.431743844270706177e+03,1.748547534227371216e+03,1.141187201976775896e+03,2.695758907794952393e+02,3.054725046157836914e+02,9.691217844724655151e+03,1.305244153022765886e+03,1.417703035831451416e+03,1.144341421127319109e+03,1.411959524869918823e+03,1.738544244766235352e+03,1.252921704053878784e+03,2.416093631982803799e+03,7.098534512519836426e+03,2.773603758335113071e+03,1.257865833282470703e+03,1.650783557653427124e+03,8.548967068195343018e+02,1.701391512155532837e+03,7.681526406288146973e+03,2.183682706356049039e+03,1.428615524053573608e+03,1.008161106109619254e+03,1.595343876600265503e+03,2.556802083730697632e+03,3.229424403667449951e+03,1.087010271787643433e+03,2.846299865961074829e+03,2.294331922769546509e+03,1.660145292758941650e+03,1.337639879226684570e+03,1.659416904687881470e+03
8.288898587226867676e+02,3.350921034812926678e+02,1.572442513942718506e+03,1.458176851749420166e+03,1.774740318298339844e+03,1.162594019651412964e+03,2.793421669006348225e+02,3.123011617660522461e+02,1.007655681610107422e+04,1.326457334280014038e+03,1.448166046142578125e+03,1.225882019996643066e+03,1.430198784112930525e+03,1.799392021894454956e+03,1.259668865919113387e+03,2.434889181613922119e+03,7.430680478096008301e+03,2.877439019918441772e+03,1.295890672683715820e+03,1.677866463661193848e+03,8.786819980144500732e+02,1.743269751310348511e+03,7.826380108356475830e+03,2.197339892864227750e+03,1.443772811889648438e+03,1.012958309888839608e+03,1.607985371112823486e+03,2.590913800954819180e+03,3.288506585836410522e+03,1.132138371944427490e+03,2.901006754159927368e+03,2.390227463006972812e+03,1.688167739152908553e+03,1.368923705339431763e+03,1.686852843284606934e+03
8.483911640644072349e+02,3.396107580661773682e+02,1.612010659456253052e+03,1.476589558362960815e+03,1.802439858436584473e+03,1.191024388790130388e+03,2.904522843360901447e+02,3.190671634674071697e+02,1.050343054270744324e+04,1.341256772041320801e+03,1.477835947513580550e+03,1.289827275991439819e+03,1.440990880250930786e+03,1.867518512010574568e+03,1.276567170619964372e+03,2.486714199781418301e+03,7.987796875238419489e+03,2.982180587053298950e+03,1.327778584480285417e+03,1.703819799900054932e+03,8.991665720939636230e+02,1.784527335882186890e+03,7.989703826427459717e+03,2.217466278553009033e+03,1.466336866855621338e+03,1.024130952358245622e+03,1.625392817258834839e+03,2.613915380954742432e+03,3.343197844505310059e+03,1.191767467737198103e+03,2.955479245185852051e+03,2.521535980701446533e+03,1.720341578722000122e+03,1.412047494411468506e+03,1.709882032155990601e+03
8.717364549636840820e+02,3.427842528820038410e+02,1.664117300987243652e+03,1.498672316789627075e+03,1.828136911869049072e+03,1.218282352209091187e+03,3.031875102519988445e+02,3.224268472194672199e+02,1.096506835436820984e+04,1.361990464925765991e+03,1.498391468286514510e+03,1.339660910129547347e+03,1.466961219072341919e+03,1.939553281068801653e+03,1.295530370235443343e+03,2.507227390766144254e+03,8.298562475681304932e+03,3.089594220638275146e+03,1.360977458000182878e+03,1.724088178634643555e+03,9.132271823883056641e+02,1.810295875310897600e+03,8.177841922283172607e+03,2.241702319622039795e+03,1.492448031425476074e+03,1.031881486654281616e+03,1.637862425327301025e+03,2.655891640663146973e+03,3.393480700492858887e+03,1.243536649703979492e+03,3.030687534332275391e+03,2.638763089895248413e+03,1.749336482286453247e+03,1.454966797113418579e+03,1.729422937393188477e+03
8.916908965110778809e+02,3.481304044723511311e+02,1.713645316123962402e+03,1.533315738677978516e+03,1.859870830774307478e+03,1.242905686378479004e+03,3.124382441043853760e+02,3.271459679603577229e+02,1.138944140839576903e+04,1.384433774709701538e+03,1.513362762689590454e+03,1.391264333248138428e+03,1.492025554656982422e+03,2.018227557420730591e+03,1.320560727357864607e+03,2.543279509544373013e+03,8.603677186965942383e+03,3.181678668737411499e+03,1.402145589590072632e+03,1.742879611492156982e+03,9.385342214107512291e+02,1.832297638654708862e+03,8.362254920244216919e+03,2.263000654935837247e+03,1.532388275146484375e+03,1.063805553436279297e+03,1.662211256027221452e+03,2.690550271511077881e+03,3.442202795505524136e+03,1.307368565797805786e+03,3.089207177162170410e+03,2.737251020193099976e+03,1.782387188434600830e+03,1.484071306467056502e+03,1.755591751813888550e+03
9.098953006267547607e+02,3.546717214584350586e+02,1.763183367967605591e+03,1.562973762273788452e+03,1.885833445072174072e+03,1.262881850481033325e+03,3.209856798648833660e+02,3.311304721832275959e+02,1.174877859592437562e+04,1.410041079282760620e+03,1.540103136539459229e+03,1.451255875110626221e+03,1.513078910112380981e+03,2.091746482849121094e+03,1.344194628715515364e+03,2.585289215564728238e+03,9.014753463029859631e+03,3.277765046834945679e+03,1.453642731428146362e+03,1.765174793958663940e+03,9.660121443271636963e+02,1.857005333423614502e+03,8.550299088239669800e+03,2.272032525062561035e+03,1.570326534509658813e+03,1.067290167331695557e+03,1.671618153810501099e+03,2.710792410373688199e+03,3.496769044637680054e+03,1.385862578392028809e+03,3.143773425340652466e+03,2.828581674098968506e+03,1.814271215200423967e+03,1.510004299402236938e+03,1.777900340795516968e+03
9.290996172428132240e+02,3.626031639575958252e+02,1.802017202854156494e+03,1.582719096422195435e+03,1.920309671878814697e+03,1.292906004190444946e+03,3.275485005378723145e+02,3.351463665962218670e+02,1.208236416292190734e+04,1.433083633899688721e+03,1.567450205564498901e+03,1.509230767726898193e+03,1.528199407815933228e+03,2.166912075757980801e+03,1.356625909566879272e+03,2.610010139465332031e+03,9.420423135519027710e+03,3.367521210432053067e+03,1.502369161605834961e+03,1.787513582944869995e+03,9.927593216896055992e+02,1.887136813163757324e+03,8.732375254631042480e+03,2.283877088069916226e+03,1.608985441446304549e+03,1.073118695259094238e+03,1.686994209051132202e+03,2.729121793746947787e+03,3.564539324760437012e+03,1.459695778369903564e+03,3.211949983835220337e+03,2.907983264684677124e+03,1.858763048410415877e+03,1.547952031373977434e+03,1.809120024919510115e+03
9.501791379451752846e+02,3.701930847167968750e+02,1.833087985277175903e+03,1.611258609056472778e+03,1.972422356843948364e+03,1.319368500471114885e+03,3.344239754676818848e+02,3.376621556282044025e+02,1.242135619759559631e+04,1.466430891513824463e+03,1.599850192070007324e+03,1.556240261554718018e+03,1.561531044960021973e+03,2.241220668554306030e+03,1.386224547386169434e+03,2.650645041227341153e+03,9.622515157222747803e+03,3.452636431932448886e+03,1.530380836248397827e+03,1.807990655183792114e+03,1.019270204305648804e+03,1.929363516092300415e+03,8.905746540784835815e+03,2.293033969163895108e+03,1.618157946825027466e+03,1.078978471755981445e+03,1.699604467630386353e+03,2.743404026031494141e+03,3.646498098611832120e+03,1.544014101028442383e+03,3.308851734638214111e+03,2.984569104909896851e+03,1.906288496971130371e+03,1.582243261575698853e+03,1.834386964082717896e+03
9.707117419242860024e+02,3.788207340240479084e+02,1.877600136518478394e+03,1.640094738006591797e+03,2.012803437948226929e+03,1.343956439733505249e+03,3.427682833671569824e+02,3.444907398223876953e+02,1.274983206534385499e+04,1.491175698757171631e+03,1.626842186927795410e+03,1.610544007778167497e+03,1.582714883565902710e+03,2.319895771265030362e+03,1.414634691238403320e+03,2.694642948865890503e+03,9.950819595098495483e+03,3.538861110687255859e+03,1.565317250967025757e+03,1.820500935316085588e+03,1.049567018508911360e+03,1.965319314718246460e+03,9.097275323629379272e+03,2.308472528457641602e+03,1.654288840293884505e+03,1.087713445901870728e+03,1.709417624711990356e+03,2.757436237812042236e+03,3.716221620559692838e+03,1.613767019987106551e+03,3.373541831254959106e+03,3.070373597145081021e+03,1.964204775333404541e+03,1.615813523054122925e+03,1.861843669176101457e+03
9.918693923950196449e+02,3.856787948608398438e+02,1.924307847261428833e+03,1.669338359355926514e+03,2.061776239871978760e+03,1.365295146703719865e+03,3.492218399047851562e+02,3.478659646511077881e+02,1.307591696596145448e+04,1.514028840065002441e+03,1.649788815498352051e+03,1.666723057985305786e+03,1.594999181032180786e+03,2.402124535560607910e+03,1.435817723274230957e+03,2.718188405752182007e+03,1.032618913340568361e+04,3.617897786855697632e+03,1.612947565555572510e+03,1.834726536750793230e+03,1.084813803434371948e+03,2.018894498109817278e+03,9.305993965148925781e+03,2.322786011457442783e+03,1.661711223602294922e+03,1.096901580572128523e+03,1.720418383598327637e+03,2.774357414245605014e+03,3.782491800069808960e+03,1.676040329217910767e+03,3.439140086174011230e+03,3.168550568103790283e+03,2.022530797719955444e+03,1.653280288934707642e+03,1.897808038234710693e+03
1.009104904413223267e+03,3.918658003807067871e+02,1.980638284206390381e+03,1.691951085090637207e+03,2.100345250368118741e+03,1.385915273427963257e+03,3.547534596920013428e+02,3.545384004116058350e+02,1.343768847203254882e+04,1.552511621713638533e+03,1.684306603908538818e+03,1.746018692731857300e+03,1.621049980640411377e+03,2.491024519443511963e+03,1.457004422664642561e+03,2.735189574241637729e+03,1.054741980409622192e+04,3.703731808662415006e+03,1.640273410558700562e+03,1.852576737403869629e+03,1.115314499139785767e+03,2.059169070243835449e+03,9.505976456880569458e+03,2.343865585803985596e+03,1.671039991378784180e+03,1.105152143239974976e+03,1.736841384172439575e+03,2.794780695438385010e+03,3.853418545246124268e+03,1.740763525247573853e+03,3.485862049341201782e+03,3.276979879140853882e+03,2.082810724496840976e+03,1.690742706060409546e+03,1.941859741210937273e+03
1.027918648242950439e+03,3.996306557655335041e+02,2.043186002492904663e+03,1.723189525127410889e+03,2.130431889295578003e+03,1.399272952556610107e+03,3.609101197719573975e+02,3.627107064723968506e+02,1.376080908203125000e+04,1.579116880893707275e+03,1.727894448518753052e+03,1.819324902772903442e+03,1.634439441919326782e+03,2.568383322238922119e+03,1.476681050777435303e+03,2.763863418102264404e+03,1.066013067460060120e+04,3.790956549406052090e+03,1.658669029951095581e+03,1.877659780979156494e+03,1.156032771348953247e+03,2.118708528757095792e+03,9.710209236383438110e+03,2.359007251262665250e+03,1.702823433160781860e+03,1.112371391057967912e+03,1.750186049222946167e+03,2.824001451492309570e+03,3.931002002239227295e+03,1.800439502000808716e+03,3.537271834850311279e+03,3.387276724100112915e+03,2.135066715717316129e+03,1.717828166246414185e+03,1.980300588846206665e+03
1.044263473033905029e+03,4.064240782260894775e+02,2.092018211841583707e+03,1.755589281082153320e+03,2.159909297943115234e+03,1.420158643722534180e+03,3.692075524330138592e+02,3.700393183231353760e+02,1.403618737483024597e+04,1.608100055932998657e+03,1.749230076551437378e+03,1.868382984876632690e+03,1.649413878917694092e+03,2.650427773714065552e+03,1.493373206138610840e+03,2.791396559476852417e+03,1.075066813969612122e+04,3.876259914159774780e+03,1.696860218524932861e+03,1.893994771957397234e+03,1.216496471881866455e+03,2.159451089143753052e+03,9.910395514965055554e+03,2.371429978132247925e+03,1.719527695894241333e+03,1.121309506416320801e+03,1.769327989578247070e+03,2.851753357648849033e+03,3.998958446502685547e+03,1.897961825132369995e+03,3.580915454387664795e+03,3.489251460075378418e+03,2.197125027418137051e+03,1.743124646902084351e+03,2.033661303997040022e+03
1.057686235189438094e+03,4.142584643363952637e+02,2.123823201894760132e+03,1.777861469268798828e+03,2.189230493307113647e+03,1.442253343105316162e+03,3.741610078811645508e+02,3.765553836822509766e+02,1.433494093108177185e+04,1.646967539787292480e+03,1.773500735044479370e+03,1.915951819658279419e+03,1.666046329021453857e+03,2.731002971172333218e+03,1.512957808017730713e+03,2.830977405071258545e+03,1.083342382502555847e+04,3.971438327550888062e+03,1.729643979072570801e+03,1.908532517671585083e+03,1.299067703723907471e+03,2.212034933090210416e+03,1.012023805737495422e+04,2.384868402004241943e+03,1.733528659820556641e+03,1.125294153451919556e+03,1.791141987800598145e+03,2.877942657470703125e+03,4.085808170557022095e+03,1.944308758974075545e+03,3.631700190544127963e+03,3.594946699380874634e+03,2.239196730613708496e+03,1.774247697830200195e+03,2.069395565509796143e+03
1.071859038352966309e+03,4.212758986949920654e+02,2.154737764358520508e+03,1.797703492879867554e+03,2.218770386695862271e+03,1.464033534765243530e+03,3.812241168022156330e+02,3.834620933532714844e+02,1.458102033734321594e+04,1.700250023603439331e+03,1.800183007240295410e+03,1.963935607910156023e+03,1.684344889640808105e+03,2.821827990770339966e+03,1.553345801591873169e+03,2.882012161731719971e+03,1.099262226319313049e+04,4.070492007970809937e+03,1.769767410755157471e+03,1.930241186380386353e+03,1.467789769649505615e+03,2.297773984432220459e+03,1.030159426379203796e+04,2.398650599956512451e+03,1.758717886686325073e+03,1.129060037612915039e+03,1.815674924135208130e+03,2.911273071050643921e+03,4.151312664508820490e+03,1.982545759677886963e+03,3.692235599517822266e+03,3.714332838296889804e+03,2.287090380907059171e+03,1.809627451658248901e+03,2.093993694067001343e+03
1.085688088655471802e+03,4.271296837329865070e+02,2.184933753252028964e+03,1.818401725292205583e+03,2.254621288537979126e+03,1.486039745569229126e+03,3.873964579105377197e+02,3.883375232219696045e+02,1.497068696618080139e+04,1.759247597932815552e+03,1.825612335920333635e+03,2.019523664712905656e+03,1.716723737716674805e+03,2.903627523183822632e+03,1.604691576004028548e+03,2.913873724460601807e+03,1.104609483861923036e+04,4.160654450178145453e+03,1.815878732204437256e+03,1.949834158182143938e+03,1.665889081954956055e+03,2.372559292554855801e+03,1.049201031637191772e+04,2.413573501348495483e+03,1.774625231981277466e+03,1.140326436042785417e+03,1.838145217895508040e+03,2.930493141651153564e+03,4.222880083560944513e+03,2.024986176729202498e+03,3.755896222829818726e+03,3.816337368011474609e+03,2.348208427906036377e+03,1.840834321260452498e+03,2.125403794050216675e+03
1.097657632112503052e+03,4.349884779453277588e+02,2.228032941341400146e+03,1.838685217857360840e+03,2.286707456350326538e+03,1.504134881258010864e+03,3.932716610431671143e+02,3.919782872200012207e+02,1.524156495118141174e+04,1.817306262254714966e+03,1.857240520000457536e+03,2.066871178865432739e+03,1.737350901365280151e+03,3.000852949857711792e+03,1.625653079032897949e+03,2.939203590869904019e+03,1.111225563406944275e+04,4.246300958633422852e+03,1.835470802068710555e+03,1.967139186382293474e+03,1.829772717952728499e+03,2.436724632501601718e+03,1.069150839710235596e+04,2.427808851957320712e+03,1.795986076831817627e+03,1.143342270374297868e+03,1.858959149122238387e+03,2.944306594133377075e+03,4.295697581291198730e+03,2.058035324335098721e+03,3.812571990966796875e+03,3.916176860809326172e+03,2.413231333971024014e+03,1.873985937833786011e+03,2.162105049848556519e+03
1.110158457994461060e+03,4.420639119148254395e+02,2.269523136615752719e+03,1.872271039962768782e+03,2.316372320175170898e+03,1.528953897476196516e+03,3.998033323287963867e+02,3.979161880016326904e+02,1.554106855869293213e+04,1.865092178583144914e+03,1.905782756328582764e+03,2.110680858850479126e+03,1.752079649448394775e+03,3.104703838109970093e+03,1.643827211380004883e+03,2.978721930027008057e+03,1.119002660107612610e+04,4.335853988885880426e+03,1.858943538427352905e+03,1.986772678375244141e+03,2.027491913318634033e+03,2.495681226253509067e+03,1.088938136649131775e+04,2.445325681209563754e+03,1.842645529508590698e+03,1.149842715024947893e+03,1.880898155450820923e+03,2.963151634693145752e+03,4.379422087192534491e+03,2.096100435256958008e+03,3.859247076034545898e+03,4.055266558885574341e+03,2.478948307037353061e+03,1.904578377485275496e+03,2.208446033716202237e+03
1.122268630981445312e+03,4.511004953384399982e+02,2.306717472314834595e+03,1.897390103578567505e+03,2.351457778453826904e+03,1.550323174476623535e+03,4.097415091991425129e+02,4.019008274078368572e+02,1.582249414229393005e+04,1.931754513025284041e+03,1.956164409637451172e+03,2.160810612916946411e+03,1.770734431266784668e+03,3.182865456342697144e+03,1.682565562248229980e+03,3.013271178722381592e+03,1.128651760697364807e+04,4.426196477890015558e+03,1.893197453260421526e+03,2.002784725189208984e+03,2.211325891017914273e+03,2.562549453496932983e+03,1.111138114547729492e+04,2.462342475175857089e+03,1.863256320953368913e+03,1.157108840465545427e+03,1.898102461099624634e+03,2.993341210365295410e+03,4.448286189794539496e+03,2.121070912122726440e+03,3.906703456878662109e+03,4.167902393817902521e+03,2.530371606349945068e+03,1.934337962865829240e+03,2.234769486427307129e+03
1.133769378662109602e+03,4.589339423179626465e+02,2.340053345918655396e+03,1.936302783012390137e+03,2.385449747323989868e+03,1.570347019910812378e+03,4.198671877384186359e+02,4.085106465816497803e+02,1.605332249736785889e+04,2.007762202501296997e+03,1.977110514640808105e+03,2.218368994951247714e+03,1.787425388336181641e+03,3.240681930303573608e+03,1.707920637845993042e+03,3.057383583068848111e+03,1.140061919426918030e+04,4.507264546394348145e+03,1.922016005992889177e+03,2.021139646053314436e+03,2.412617363214493253e+03,2.614522464513779141e+03,1.132927111411094666e+04,2.474499560356139682e+03,1.891508261203765642e+03,1.163968685388565063e+03,1.920353989839553606e+03,3.021483767509460449e+03,4.525854019403458551e+03,2.150307286024093628e+03,3.970050212383270264e+03,4.317076858520507812e+03,2.610376440286636353e+03,1.969140621423721313e+03,2.267781361341476440e+03
1.152364356994629134e+03,4.665208597183228107e+02,2.382777621507645108e+03,1.977699254274368514e+03,2.418691889762878418e+03,1.601433423519134521e+03,4.293678081035614014e+02,4.119797048568725586e+02,1.631037005329131898e+04,2.071140994787215732e+03,2.002955715894699097e+03,2.263776284456253052e+03,1.806881182432174683e+03,3.290404093265532993e+03,1.733039918661117554e+03,3.090292094230651855e+03,1.148162476181984130e+04,4.598661450624465942e+03,1.939765773296355974e+03,2.063934954643249057e+03,2.584566674947738647e+03,2.664628320455551147e+03,1.163279211306571960e+04,2.487281695842742920e+03,1.938027082681655884e+03,1.181735530614853133e+03,1.957340907335281372e+03,3.074284269571304321e+03,4.585793763637542725e+03,2.177010371446609042e+03,4.018803561449050903e+03,4.439554313659667969e+03,2.681143309831619717e+03,2.006943175077438354e+03,2.312847317457199097e+03
1.176272268056869507e+03,4.743138787746428875e+02,2.421612193107604980e+03,2.008738789081573259e+03,2.449042108774184726e+03,1.641659620285034180e+03,4.393216166496276855e+02,4.164956560134888264e+02,1.658798287367820740e+04,2.136900343894958496e+03,2.025824610948562622e+03,2.307535965681076050e+03,1.818305146217346419e+03,3.346517323255538940e+03,1.766655339956283569e+03,3.142748824357986450e+03,1.159666391229629699e+04,4.677510616540908813e+03,1.969566413402557373e+03,2.129892498493194580e+03,2.711935919284821011e+03,2.767189230918884277e+03,1.188012160301208496e+04,2.497907418012619019e+03,2.025704979419708479e+03,1.372966822862625349e+03,1.971966909885406494e+03,3.101739281892776489e+03,4.672346584558486938e+03,2.204559137344360352e+03,4.060947082757949829e+03,4.562189747571945190e+03,2.733223090887069247e+03,2.046275530576705933e+03,2.364307713270187378e+03
1.207242982625961304e+03,4.822139065265656086e+02,2.464771417617797852e+03,2.052462830543518066e+03,2.489797633409500122e+03,1.688654980421066512e+03,4.491347730159760090e+02,4.207770919799804688e+02,1.683559229063987368e+04,2.195315082550049283e+03,2.060997621536254883e+03,2.354708973884582520e+03,1.829457149744033586e+03,3.400553936481475830e+03,1.801586362600326538e+03,3.166375446081161044e+03,1.170301511621475038e+04,4.764297828912734985e+03,1.990716270685195923e+03,2.180886057138442993e+03,2.827303219795227051e+03,2.870321315765380859e+03,1.214224898624420166e+04,2.511111449718475797e+03,2.121195913791656494e+03,1.389284690856933594e+03,1.989811886072158813e+03,3.140398187637329102e+03,4.759743214130402521e+03,2.227388832330704190e+03,4.119044824123383478e+03,4.695493869304656982e+03,2.799381850004196167e+03,2.071520133018493652e+03,2.407791326284409024e+03
1.241932787656784058e+03,4.917924721240996746e+02,2.504902558088302612e+03,2.080753019809722900e+03,2.514526164293288730e+03,1.742639570236206055e+03,4.554164402484893799e+02,4.239960546493530273e+02,1.714020696640014648e+04,2.266718094110488892e+03,2.083866074085236050e+03,2.401248718261719205e+03,1.849589200019836426e+03,3.448729120492935181e+03,1.827445014476776123e+03,3.208612723112106323e+03,1.182683612394332704e+04,4.853991492509841919e+03,2.016655625104903947e+03,2.199118766784667969e+03,2.914793604373931885e+03,2.945201462984085083e+03,1.241804935979843322e+04,2.524034213542938687e+03,2.197449279546737216e+03,1.404473236322402954e+03,2.003437823057174683e+03,3.186854502439498901e+03,4.828826087951660156e+03,2.245952605962753296e+03,4.178142633676528931e+03,4.814694624423980713e+03,2.830142627477645874e+03,2.102552008628844760e+03,2.463652765989304044e+03
1.272856702566146623e+03,4.988195457458496094e+02,2.551891453027724765e+03,2.106215756893157959e+03,2.552876476287842252e+03,1.789799110651016235e+03,4.635107300281524658e+02,4.271526179313659668e+02,1.740027036714553833e+04,2.343235244035721280e+03,2.126228891134262085e+03,2.443860926628113248e+03,1.868965125322341919e+03,3.509686432600020908e+03,1.845142852544784546e+03,3.229787703990936279e+03,1.192435844874382019e+04,4.944794604778289795e+03,2.040486373901367188e+03,2.217773010253906705e+03,3.030379672765731812e+03,3.009393371820449829e+03,1.265025281023979187e+04,2.535066219568253018e+03,2.252171793699264526e+03,1.411801865339279175e+03,2.015360517501831055e+03,3.227314877271652222e+03,4.891642899513245538e+03,2.270438663959502719e+03,4.218457902431488037e+03,4.896579581975936890e+03,2.876453005552291870e+03,2.127699718475342252e+03,2.504542175531387784e+03
1.306265163421630632e+03,5.060566956996918293e+02,2.605285085916518710e+03,2.137177184820174716e+03,2.596694245338439941e+03,1.818589181423187483e+03,4.693861119747161865e+02,4.310746564865111736e+02,1.766553859186172485e+04,2.408135866403580167e+03,2.151275652408599854e+03,2.480464120864867709e+03,1.892036907196044922e+03,3.576378515005112149e+03,1.865408091545104980e+03,3.267587175130844116e+03,1.203903820204734802e+04,5.037086864471436456e+03,2.065751294374465942e+03,2.237642098665236972e+03,3.131714756011962891e+03,3.074100943088531494e+03,1.286960827898979187e+04,2.546848278999329068e+03,2.304065978527069092e+03,1.425490304231643449e+03,2.041331051588058472e+03,3.267770785093307495e+03,4.959893207550048828e+03,2.287236692428588867e+03,4.258382524013519287e+03,4.976937134504318237e+03,2.922659694194793701e+03,2.158871412277221225e+03,2.565503649234772183e+03
1.339736125230789185e+03,5.144204740524291992e+02,2.654570312023163297e+03,2.159640625953674771e+03,2.628874140739440918e+03,1.856493520975112915e+03,4.778398125171660809e+02,4.345437104701996418e+02,1.797499600625038147e+04,2.460647468566894531e+03,2.175094955205917358e+03,2.520939948320389249e+03,1.915278597354888916e+03,3.644086292982100986e+03,1.884046743631362915e+03,3.289713696718215942e+03,1.211151193022727966e+04,5.129952616930007935e+03,2.087449003696441650e+03,2.255275021314620972e+03,3.201813323736190796e+03,3.128245284557342529e+03,1.308427928137779236e+04,2.560239826679229282e+03,2.357975931167602539e+03,1.432787679195404053e+03,2.058910383224487759e+03,3.323290222406387329e+03,5.026788428068161011e+03,2.305394190788269043e+03,4.305838906764984131e+03,5.070416757583618164e+03,2.957767003297805786e+03,2.202157891511917114e+03,2.624973489046097257e+03
1.375379091739654541e+03,5.191955430507659912e+02,2.713618857383728027e+03,2.184900281429290771e+03,2.660444805383682706e+03,1.885627260208129655e+03,4.852465608119965168e+02,4.415441024303436279e+02,1.825718726801872253e+04,2.516762044429779053e+03,2.223626013517380215e+03,2.558519572019577026e+03,1.933773211479187012e+03,3.736873915433884122e+03,1.908313416719436646e+03,3.323184745073318481e+03,1.215092088866233826e+04,5.213864632606505438e+03,2.115227692365646362e+03,2.278123873472213290e+03,3.246568048000336148e+03,3.192640335559844971e+03,1.327305787491798401e+04,2.571334340095520020e+03,2.432871702671051025e+03,1.446523001432418823e+03,2.079989957332611084e+03,3.354620497941970825e+03,5.080932772874832153e+03,2.323629820346832730e+03,4.357686219215393066e+03,5.175992064237595514e+03,2.990172067165374756e+03,2.243366488218307495e+03,2.673753044366836548e+03
1.407707476615905762e+03,5.264420425891876221e+02,2.768059116840362549e+03,2.209050823450088501e+03,2.691952983617782593e+03,1.938724085569381486e+03,4.888406314849853516e+02,4.492789952754974365e+02,1.854350193738937378e+04,2.570284883975983121e+03,2.248303388834000089e+03,2.588115066528320767e+03,1.951899442434310913e+03,3.831692929029464722e+03,1.928924240827560425e+03,3.382282554388046265e+03,1.219584584689140320e+04,5.294385788440703436e+03,2.141290649652481079e+03,2.336307331562042691e+03,3.288024023532867432e+03,3.256130723953247070e+03,1.347838914322853088e+04,2.588866793870925903e+03,2.512330286264420010e+03,1.464117961168289185e+03,2.092209544658660889e+03,3.396949682474136353e+03,5.147546724319458008e+03,2.341552923679352261e+03,4.438535522222518921e+03,5.271321371793746948e+03,3.023683476448059082e+03,2.285632127285004117e+03,2.713459338903427124e+03
1.439303329944610596e+03,5.357658004760742188e+02,2.805378422021865845e+03,2.229920892715454102e+03,2.730272052049637296e+03,2.002443401336669922e+03,4.927001702785491943e+02,4.535605313777923584e+02,1.882802165865898132e+04,2.624809804201126099e+03,2.272246531963348389e+03,2.622272547960280917e+03,1.968546735286712646e+03,3.925558751344680786e+03,1.959342706680297624e+03,3.416347393751144409e+03,1.226717904973030090e+04,5.375250718593596503e+03,2.182170108795166016e+03,2.371522773504256747e+03,3.329964403390884399e+03,3.316666130542755127e+03,1.366560512995719910e+04,2.599351886749268033e+03,2.590538788795470737e+03,1.469649586915969849e+03,2.106835551023483731e+03,3.442234044551848910e+03,5.234270153284072876e+03,2.362476237297058105e+03,4.495367551088333130e+03,5.347735546827316284e+03,3.064416450500488281e+03,2.330821765899657748e+03,2.747462956428528287e+03
1.469524066686630249e+03,5.444921340942382812e+02,2.844384829044342041e+03,2.258429778814316251e+03,2.761124135732650757e+03,2.049744723320007779e+03,4.970755515098571777e+02,4.582170922756195068e+02,1.912016671109199888e+04,2.671021951675415039e+03,2.312565824031830289e+03,2.665114864349364780e+03,1.981338995456695784e+03,4.030519715785979770e+03,1.972911098003387451e+03,3.476273387193679810e+03,1.231361973977089110e+04,5.450927792549133301e+03,2.218184766530990601e+03,2.387835126399993896e+03,3.353997304201126099e+03,3.379982980489730835e+03,1.385969658660888854e+04,2.612009006977080844e+03,2.708301501035690762e+03,1.487400821924209595e+03,2.126399396896362759e+03,3.474470632791519165e+03,5.321651156663895563e+03,2.384290234804152988e+03,4.596747642993927002e+03,5.438843429088593439e+03,3.098282445430756070e+03,2.358430361986160733e+03,2.780475229024887085e+03
1.499104146242141496e+03,5.524854161739348228e+02,2.886531117200851440e+03,2.281908605813980103e+03,2.790007934808731079e+03,2.086970300912857056e+03,5.035743484497070312e+02,4.629674124717711834e+02,1.935575915145874023e+04,2.722711599826813199e+03,2.333747483491897583e+03,2.702645471096039273e+03,2.002134056329727173e+03,4.152356214046478271e+03,1.996050221204757463e+03,3.513775961637496948e+03,1.234804397988319397e+04,5.535105450153350830e+03,2.249949446916580200e+03,2.401320246458053589e+03,3.380608505010604858e+03,3.441034049987792969e+03,1.402644107508659363e+04,2.624650501012802124e+03,2.855691135644912720e+03,1.496245164394378662e+03,2.138728367567062378e+03,3.516879798889160156e+03,5.443690791368485407e+03,2.407088675975800015e+03,4.664721063613892511e+03,5.517295269966125488e+03,3.147439397573471069e+03,2.397304007530212402e+03,2.813098826169968106e+03
1.527481013059616089e+03,5.579722588062286377e+02,2.937550309896469116e+03,2.311167315006256104e+03,2.817845106363296509e+03,2.120946645498276212e+03,5.101218028068543049e+02,4.681708824634552002e+02,1.959994780206680298e+04,2.771503164529800415e+03,2.355174729824065707e+03,2.740265621185303189e+03,2.033918697834014893e+03,4.281786978960037231e+03,2.039191897630691528e+03,3.588031062841415405e+03,1.239328146076202393e+04,5.622688768625258490e+03,2.299557834148406982e+03,2.414242668628693082e+03,3.428205526590347290e+03,3.492725102663039706e+03,1.418846783471107665e+04,2.636624698638916016e+03,2.988637769699097134e+03,1.504542610645294189e+03,2.150229158163070679e+03,3.552882270336151123e+03,5.578418793678283691e+03,2.426621268749237061e+03,4.739210557222365424e+03,5.599439013004302979e+03,3.197165452003479004e+03,2.451093005180358887e+03,2.845304169654846191e+03
1.558858086824417114e+03,5.668821029663085938e+02,2.990912698745727539e+03,2.346018453836441040e+03,2.846229022026062012e+03,2.156969383239746094e+03,5.142782976627349854e+02,4.749369609355927082e+02,1.986107374858855837e+04,2.831594328880310059e+03,2.375594417333602905e+03,2.769033019304275513e+03,2.081342344284057617e+03,4.400717023849487305e+03,2.067232008695602417e+03,3.646753849029541016e+03,1.244669138121604919e+04,5.722789392471313477e+03,2.343545734167098999e+03,2.434790219783782959e+03,3.456519973754882812e+03,3.541540955066680908e+03,1.435243281984329042e+04,2.648828663349152066e+03,3.095441979646682739e+03,1.523934566259384155e+03,2.162931280136108398e+03,3.585196994781494141e+03,5.704489957809448242e+03,2.444247478961945035e+03,4.797589566707611084e+03,5.681627593517303467e+03,3.237810272693634033e+03,2.489143707752228238e+03,2.879137348651885986e+03
1.586625546693801880e+03,5.741869823932647705e+02,3.030450229644775391e+03,2.383728293895720981e+03,2.876081342935562134e+03,2.187868330240249634e+03,5.209351549148560707e+02,4.792810742855072021e+02,2.011607564330100649e+04,2.882559675216674805e+03,2.422063961029053189e+03,2.799638206005096436e+03,2.111379576206207730e+03,4.518506364583969116e+03,2.097653401851654053e+03,3.729525160789489746e+03,1.252341540241241637e+04,5.825687084913254694e+03,2.370526409387588501e+03,2.459866457939147949e+03,3.475083748340607144e+03,3.588887958526611328e+03,1.456594748854637146e+04,2.661938938379288174e+03,3.238237512111663818e+03,1.550420762062072754e+03,2.187495468616485596e+03,3.609323649644852139e+03,5.808338970899582819e+03,2.471952509403229215e+03,4.853577787399291992e+03,5.760582552909851074e+03,3.277777447700500488e+03,2.568282389402389072e+03,2.912933841466904141e+03
1.616221259832382202e+03,5.782354483604431152e+02,3.067205702543259122e+03,2.409050432920455933e+03,2.908558042287826538e+03,2.232404679775238037e+03,5.240444514751433189e+02,4.831718709468841553e+02,2.038153000473975771e+04,2.925134963512421109e+03,2.446823866605759122e+03,2.835556580543518066e+03,2.150317110061645053e+03,4.639913489341735840e+03,2.163281965494155884e+03,3.828485710144042969e+03,1.261181210064888000e+04,5.914599442243575140e+03,2.387218230962752841e+03,2.494132896184920810e+03,3.496241451501846313e+03,3.638360106468201138e+03,1.476883506298065186e+04,2.672736553430556796e+03,3.351432787895202637e+03,1.558905723333358765e+03,2.213528505563735962e+03,3.644013530254364014e+03,5.928128450393676758e+03,2.499579403877258756e+03,4.913191256523131415e+03,5.857449328660965875e+03,3.322911977529525757e+03,2.643299337148666382e+03,2.949208407878875732e+03
1.654301893711090088e+03,5.830162661075593178e+02,3.112507495880126953e+03,2.434153875350952148e+03,2.935864089488983154e+03,2.276050614356994629e+03,5.280603585243225098e+02,4.875159261226654053e+02,2.064553251862525940e+04,2.974621479988098145e+03,2.483811593294144132e+03,2.873460443973541260e+03,2.161778646230697632e+03,4.745905146360396429e+03,2.220384298086166382e+03,3.983136960268021085e+03,1.264587693977355957e+04,5.998433326959610895e+03,2.408701067924499512e+03,2.511347585439682007e+03,3.542682140111923218e+03,3.697848567724227905e+03,1.496158267951011658e+04,2.686159352540969849e+03,3.457156951427459717e+03,1.569029574871063232e+03,2.265438320875168301e+03,3.671734184980392911e+03,6.001367855072021484e+03,2.518205684185028076e+03,4.954861614465714410e+03,5.945681377410888672e+03,3.365364643812180020e+03,2.689140912771224976e+03,2.983421033620834351e+03
1.689226074695587158e+03,5.904034836292267983e+02,3.149420646667480469e+03,2.457567765712738037e+03,2.980259846687316895e+03,2.309948854446411133e+03,5.345765292644501869e+02,4.905631084442138103e+02,2.090948829460144043e+04,3.021539571285247803e+03,2.528105558156966708e+03,2.906167093753814697e+03,2.178630855798721313e+03,4.859678588390349432e+03,2.281545026063919067e+03,4.114520985126494452e+03,1.268648910689353943e+04,6.084439234971999213e+03,2.424255380153656006e+03,2.550228577613830566e+03,3.553401625394821167e+03,3.769712879180908203e+03,1.518295726156234923e+04,2.703535545110702515e+03,3.556382521629333041e+03,1.583968095779418945e+03,2.285830347537994385e+03,3.699798615932465054e+03,6.077326198339461371e+03,2.539097746610641025e+03,5.003474327802658081e+03,6.008614904403686523e+03,3.412110935926436923e+03,2.732730413436889648e+03,3.011715471506118774e+03
1.727900506973266602e+03,5.949093642234802246e+02,3.214952035188674927e+03,2.486935825109482266e+03,3.007565894603729248e+03,2.341613244771956943e+03,5.425456898212432861e+02,4.946103374958038330e+02,2.116234246540069580e+04,3.079981086730957031e+03,2.566721045494080045e+03,2.942966496467590332e+03,2.192777807474136353e+03,4.985546609163284302e+03,2.343065831422806241e+03,4.189010479450225830e+03,1.272088209342956361e+04,6.165632312774658203e+03,2.449279516935348511e+03,2.580431272745132446e+03,3.582012966156005859e+03,3.814341571807860873e+03,1.540053336429595947e+04,2.716277170896530151e+03,3.646607466459273837e+03,1.620798750400543213e+03,2.312238412380218506e+03,3.733879082441329956e+03,6.138267886400223688e+03,2.560442961931229092e+03,5.050774472236633301e+03,6.057162888050079346e+03,3.475147310256958008e+03,2.772158480167388916e+03,3.060250473499298096e+03
1.765606121540069580e+03,6.025073342323302086e+02,3.260488147735595703e+03,2.520099861621857144e+03,3.034497029304504395e+03,2.389601903438568115e+03,5.488118607997893150e+02,4.988136332035064697e+02,2.139709750175475710e+04,3.128187527179718018e+03,2.608881921768188477e+03,2.984719364643096924e+03,2.208633390665054776e+03,5.088006772041320801e+03,2.382967579603194736e+03,4.346380665540695190e+03,1.275824403524398622e+04,6.244669641733170465e+03,2.497496215105057217e+03,2.613890354633331754e+03,3.603920721292495728e+03,3.854781854152679898e+03,1.559382789397239503e+04,2.725543431043624878e+03,3.774475625753402710e+03,1.640425098180770874e+03,2.353491245746612549e+03,3.761677867412567139e+03,6.211629732131958008e+03,2.590882554054260709e+03,5.126576536417006537e+03,6.130518120050429388e+03,3.521555591344832919e+03,2.804198892116546631e+03,3.112094246864318848e+03
1.805843164205551147e+03,6.103574297428131104e+02,3.309898345708847046e+03,2.554482361316680908e+03,3.062645160436630249e+03,2.433372808933258057e+03,5.543434696197509766e+02,5.035326228141784668e+02,2.172832910776138306e+04,3.180644252538681030e+03,2.645344534873962402e+03,3.028925527095795132e+03,2.224776335716248013e+03,5.193956219673156738e+03,2.444621294498444058e+03,4.513681565523148493e+03,1.285070015954971132e+04,6.329597350120544434e+03,2.536702335834502719e+03,2.634700019121170044e+03,3.646423641681671143e+03,3.911004463434218906e+03,1.576390207600593567e+04,2.737434870958327792e+03,3.879842240571975708e+03,1.661445580244064558e+03,2.373758262872695923e+03,3.790367335319519043e+03,6.269180559158325195e+03,2.618650085926055908e+03,5.184532360553742365e+03,6.198865633487701416e+03,3.564796552181243896e+03,2.832093579530715942e+03,3.164578146934509277e+03
1.839532894372939836e+03,6.192050158977508545e+02,3.362526533126831055e+03,2.590473855495452881e+03,3.096887068033218384e+03,2.477609903335571744e+03,5.594530842304229736e+02,5.082829418182373047e+02,2.199262533140182495e+04,3.237929439306259155e+03,2.684433357477188110e+03,3.067037519693374634e+03,2.276250065565108798e+03,5.293416176080703735e+03,2.495232563734054565e+03,4.662613672256470636e+03,1.290482887864112854e+04,6.407243309736252741e+03,2.552745841026306152e+03,2.656137591123580933e+03,3.688192138195037842e+03,3.956523215770721436e+03,1.591687998318672180e+04,2.754139143943786621e+03,4.019866137504577637e+03,1.701323317527770996e+03,2.417448763847351074e+03,3.814869021415710449e+03,6.322762365579604193e+03,2.645890958547591708e+03,5.217503375053405762e+03,6.274294201850891113e+03,3.612894029617309570e+03,2.863245829343795776e+03,3.247352675437927246e+03
1.876811834573745500e+03,6.273333675861358643e+02,3.431463367462158203e+03,2.617545582294464111e+03,3.122677848100662231e+03,2.503478790283203125e+03,5.623751542568206787e+02,5.124082891941069420e+02,2.222578748178482056e+04,3.292698826313018799e+03,2.717344056129456021e+03,3.106383974313735962e+03,2.327141808032989047e+03,5.390110319852828979e+03,2.549892778158187866e+03,4.810561336517333984e+03,1.293406526374816895e+04,6.501859185934067682e+03,2.574705348491669156e+03,2.667652818679809570e+03,3.740805127620697021e+03,4.016152312040328979e+03,1.605687397527694884e+04,2.768638278961181641e+03,4.142593317508697510e+03,1.720355875253677368e+03,2.431090326786040805e+03,3.840870805025100708e+03,6.372123847723006293e+03,2.672424029827117920e+03,5.273772870063781738e+03,6.335537622928619385e+03,3.655009003877639771e+03,2.902215574979782104e+03,3.347966625213623047e+03
1.911485998868942488e+03,6.352401380538939293e+02,3.480873563766479492e+03,2.648569500446320035e+03,3.146141052246093750e+03,2.539251585960387729e+03,5.665629353523253258e+02,5.161584682464599609e+02,2.244878850150108337e+04,3.339108265399932861e+03,2.751441452503204346e+03,3.155262331247329712e+03,2.343043600082397006e+03,5.489882798433303833e+03,2.634864885807036899e+03,4.987464115142822266e+03,1.296777070426940918e+04,6.578776764154433295e+03,2.591493688583374023e+03,2.692872334480285645e+03,3.782073585271834872e+03,4.070296659231185913e+03,1.619489908313751221e+04,2.781717301368712924e+03,4.268914497852324530e+03,1.747342105150222778e+03,2.451966761350632169e+03,3.878951547145843961e+03,6.420189591884613037e+03,2.698800843715668179e+03,5.320494827747344971e+03,6.404079864263535455e+03,3.713843248128890991e+03,2.926671308040618896e+03,3.480836836814880371e+03
1.944925707817077637e+03,6.444751243591308594e+02,3.541952879190444946e+03,2.669658266782761075e+03,3.172384850502014160e+03,2.569619409322738647e+03,5.727664737701416016e+02,5.207056443691253662e+02,2.270021782112121582e+04,3.401050019741058350e+03,2.785076096773148038e+03,3.195390089511871338e+03,2.359934505701065063e+03,5.615813325405120850e+03,2.734130945205688477e+03,5.132494371175765991e+03,1.299064727544784364e+04,6.655344524383544922e+03,2.611972018241882779e+03,2.731932527303696133e+03,3.844453498601913452e+03,4.128066250085831598e+03,1.631965765357017517e+04,2.794858829975128174e+03,4.360983319997788385e+03,1.766484044551849365e+03,2.506814278364181064e+03,3.904109524011611938e+03,6.470802442550659180e+03,2.735450356960297086e+03,5.404094323635100409e+03,6.468013613462447211e+03,3.753141337871551968e+03,2.964943029403686523e+03,3.577272765398025058e+03
1.974224519491195906e+03,6.521788406372070312e+02,3.625933032274246216e+03,2.714803848505019687e+03,3.201596696376800537e+03,2.608047836065292358e+03,5.790637686252593994e+02,5.241121232509613037e+02,2.299721589589119321e+04,3.445490571498870850e+03,2.827811192274093628e+03,3.231267551183701016e+03,2.380467852115631104e+03,5.707522750377655029e+03,2.778534976959228516e+03,5.261112583637238458e+03,1.301725847768783751e+04,6.732427944421767279e+03,2.638252649784088135e+03,2.747074192762374878e+03,3.915708395004272916e+03,4.166287650108336493e+03,1.645022777891159058e+04,2.808422263383864902e+03,4.458802544832229614e+03,1.784750924348831177e+03,2.560927378892898560e+03,3.931798925399780273e+03,6.520790251255035400e+03,2.755670495510100864e+03,5.450472507238388062e+03,6.540910074949265436e+03,3.804633620023727872e+03,2.991469336032867432e+03,3.710369046926497958e+03
2.005802859067916870e+03,6.592105801105498131e+02,3.694602813720703125e+03,2.756637710571289062e+03,3.235432451009750366e+03,2.649413051366806030e+03,5.850955276489257812e+02,5.274560964107513428e+02,2.324965701436996460e+04,3.490946819543838501e+03,2.872409854650496982e+03,3.280224040031433105e+03,2.393789628267287753e+03,5.813341691255570368e+03,2.799514177560806274e+03,5.409810296297072455e+03,1.306312100648879823e+04,6.813996048688889459e+03,2.672569086313248135e+03,2.763825343132019043e+03,4.011199331283568881e+03,4.216259809732437134e+03,1.656793898940086365e+04,2.819407390832901001e+03,4.547027353763579413e+03,1.800752023935317993e+03,2.592195146560668945e+03,3.957831964492797852e+03,6.585810343265533447e+03,2.781201639413833618e+03,5.506116955280303955e+03,6.600464577913283392e+03,3.855958484888076782e+03,3.021189482688903809e+03,3.812846746683120728e+03
2.036429883003234863e+03,6.673047490119934082e+02,3.778832906484603882e+03,2.783771923303604126e+03,3.264956723451614380e+03,2.685404545068741299e+03,5.916271100044249351e+02,5.303781678676605225e+02,2.345857574939728147e+04,3.542092609167098999e+03,2.903166050195693970e+03,3.319476738452911377e+03,2.407162354469299771e+03,5.911004650592803955e+03,2.829903287410736084e+03,5.590447707653045654e+03,1.309115418052673158e+04,6.891630066633225397e+03,2.692898606061935425e+03,2.781435927867888950e+03,4.085329423427581787e+03,4.256153176069260553e+03,1.669522898554801577e+04,2.830580035686492920e+03,4.636015968322753906e+03,1.859865459442138672e+03,2.618743844270705722e+03,3.988582728385925293e+03,6.642204843282700494e+03,2.807000285148621060e+03,5.556839187860489801e+03,6.674324054241179510e+03,3.898063317298889160e+03,3.061480963230133057e+03,3.909361228466033936e+03
2.062791012287139893e+03,6.741176989078522865e+02,3.869983240365982056e+03,2.812218326330184937e+03,3.290247620582581021e+03,2.725785628080368042e+03,5.959868848323823158e+02,5.344878923892974854e+02,2.370557346105576289e+04,3.592189803123474121e+03,2.939668540954589844e+03,3.349556929349899292e+03,2.420219591379165649e+03,6.006417454957961127e+03,2.843623722314834595e+03,5.748379601716994330e+03,1.317601938390731630e+04,6.961025460004807428e+03,2.715686742544173740e+03,2.803687456369400024e+03,4.131926375150681451e+03,4.299281136989593506e+03,1.682195644116401672e+04,2.848956295967102051e+03,4.756399237394332886e+03,1.897664931774139404e+03,2.643172029256821133e+03,4.016944054603577115e+03,6.708803169488907770e+03,2.826579757690429688e+03,5.597216963052750543e+03,6.761648476362227484e+03,3.937675915956497192e+03,3.096080219745635986e+03,4.019133931875228882e+03
2.092027306318283081e+03,6.821182427406311035e+02,3.938045281171798706e+03,2.849100234985352017e+03,3.312617333889008023e+03,2.763308009386062622e+03,6.002058846950531006e+02,5.381911900043488686e+02,2.393267513895034790e+04,3.650459429740905762e+03,2.976999232053756714e+03,3.376324392318725586e+03,2.432175288915633701e+03,6.097923740625382379e+03,2.884104607105255127e+03,5.883982668876647949e+03,1.321647528839111146e+04,7.044515569210052490e+03,2.732422267675400235e+03,2.834861475229263306e+03,4.198649708032608032e+03,4.340549597263336182e+03,1.692596358776092165e+04,2.858800724029541016e+03,4.915207022190093994e+03,1.926823184728622437e+03,2.687706331014632724e+03,4.046383575677871704e+03,6.763869452476501465e+03,2.850987684965133667e+03,5.639172968864440918e+03,6.839266062259674072e+03,3.980754629373550415e+03,3.138496081590652466e+03,4.115151315450667425e+03
2.123185615539551236e+03,6.858841021060943604e+02,4.010715606451034546e+03,2.873125805854796909e+03,3.341329304456710815e+03,2.794097607851028442e+03,6.052373967170715332e+02,5.439729299545288086e+02,2.415121203207969666e+04,3.717354652166367032e+03,3.011564106702805020e+03,3.404874880552291870e+03,2.442023557424544833e+03,6.205243613958359674e+03,2.944405625343322754e+03,6.000318786382674261e+03,1.324166452169418517e+04,7.132552868366241455e+03,2.755783251285552979e+03,2.851597001075745084e+03,4.278389559984207153e+03,4.377708400249481201e+03,1.703395404076576233e+04,2.902694366216659546e+03,5.008865325450897217e+03,1.952949979066848755e+03,2.710323634386062622e+03,4.085464387178421021e+03,6.822467228174210504e+03,2.879208373546600342e+03,5.688410729885101318e+03,6.922995774745941162e+03,4.028998816251754761e+03,3.174202763795853116e+03,4.221596996307373047e+03
2.154812704801559448e+03,6.932909872531890869e+02,4.085557293176651001e+03,2.901415994405746460e+03,3.382741386175156094e+03,2.823996792078018188e+03,6.120347108840942383e+02,5.495669512748718262e+02,2.442025021362304688e+04,3.779593304634094238e+03,3.078099927425384521e+03,3.437142721414566040e+03,2.457608802556992032e+03,6.319267074823380426e+03,2.968376024961472012e+03,6.124921093702315375e+03,1.327015085124969482e+04,7.209089375972747803e+03,2.796067264556884766e+03,2.869238837957382202e+03,4.367942586898803711e+03,4.410460653066635132e+03,1.716046273279190063e+04,2.959557645082473755e+03,5.123232556343079523e+03,1.971873152971267928e+03,2.735372228622436523e+03,4.125607769727706909e+03,6.867923474788665771e+03,2.902960005283355713e+03,5.726772737979888916e+03,7.019918285131455377e+03,4.064696430444716952e+03,3.216607562541961670e+03,4.347316475629807428e+03
2.182194763898849033e+03,6.968067855834960938e+02,4.167397327423095703e+03,2.925300975322723389e+03,3.415967908382415771e+03,2.858769824266433716e+03,6.192539587020874023e+02,5.539266176223754883e+02,2.467696912622452146e+04,3.847222947120666504e+03,3.157245989084243774e+03,3.461425642728805087e+03,2.477180629253387451e+03,6.418774556398392633e+03,2.993221479892730713e+03,6.252274242162705377e+03,1.329777774953842345e+04,7.291079383611678168e+03,2.832944800615311124e+03,2.907038307666778564e+03,4.411648716688156128e+03,4.455034371852874756e+03,1.727331423473358154e+04,2.969605209350585938e+03,5.225238285541533514e+03,1.998156209468841553e+03,2.745826073408127286e+03,4.152062711477279663e+03,6.923099139451981500e+03,2.929321190118789673e+03,5.757556102991103216e+03,7.099768138885498047e+03,4.104626626014709473e+03,3.249519522905349731e+03,4.447332503080368042e+03
2.213728084564208984e+03,7.031040043830872719e+02,4.230491790056229547e+03,2.963463831663131714e+03,3.445117269754410245e+03,2.897182621240615845e+03,6.224729092121123131e+02,5.568644201755523682e+02,2.490596923208236694e+04,3.914196296691894986e+03,3.251330578327178955e+03,3.481880169868469238e+03,2.499036954402924039e+03,6.519937755107879639e+03,3.023739201545715332e+03,6.410847635507584528e+03,1.333857742810249329e+04,7.365084468126297907e+03,2.859102849960327148e+03,2.925695839405060269e+03,4.463801080942153931e+03,4.505397205352783203e+03,1.738525942707061768e+04,2.980840356111526489e+03,5.306603250980377197e+03,2.007766244411468506e+03,2.754295403957366943e+03,4.179642730712891534e+03,6.976725974321364447e+03,2.952432151794433594e+03,5.785790548086165472e+03,7.190758306741713568e+03,4.162837726593018488e+03,3.282911891460418701e+03,4.552843763589859009e+03
2.248792907476424716e+03,7.078700509071350098e+02,4.310237103223801569e+03,2.997986922740936279e+03,3.476453614711761020e+03,2.931940031290054321e+03,6.282234189510344322e+02,5.607865276336669922e+02,2.520590984773635864e+04,3.983294793844223022e+03,3.289364440202713013e+03,3.512054117679595947e+03,2.517010369062424161e+03,6.618194505453110651e+03,3.070820560693740845e+03,6.542669193506241754e+03,1.336404792642593566e+04,7.442447304248809814e+03,2.880760585308074951e+03,2.938727985382080078e+03,4.521086266279221491e+03,4.549775257587432861e+03,1.748398495769500732e+04,2.990481643676757812e+03,5.393437338113784790e+03,2.016407469511032104e+03,2.775795019865036011e+03,4.205613264560700372e+03,7.025401191711425781e+03,2.978621452808380127e+03,5.823621272802353815e+03,7.273800852537154242e+03,4.211754844427108765e+03,3.319585424184799194e+03,4.667902232170104980e+03
2.279357421875000000e+03,7.151829273700714111e+02,4.399247316598892212e+03,3.022153086423873901e+03,3.512788776636124112e+03,2.965650815725326538e+03,6.314422719478607178e+02,5.641305394172667320e+02,2.541476794457435972e+04,4.051377597093582153e+03,3.335461356401443481e+03,3.564542098522186279e+03,2.535104380130768277e+03,6.718723083496093750e+03,3.108682536602020264e+03,6.669137051343918756e+03,1.341292628598213196e+04,7.518436899662017822e+03,2.907121770858765103e+03,2.968730047225952148e+03,4.561745311737061456e+03,4.618686239242553711e+03,1.762110240650176638e+04,2.999857287645339966e+03,5.485318650722504572e+03,2.035736916542052541e+03,2.795265109300612949e+03,4.230099324703217462e+03,7.069529221296309515e+03,3.005748317003250122e+03,5.871687074661254883e+03,7.350039822816849664e+03,4.264080958366394043e+03,3.349215262889862061e+03,4.777714609384536743e+03
2.310656373500823975e+03,7.231210682392120361e+02,4.459186275959014893e+03,3.050037121295928955e+03,3.548764650583267212e+03,2.997877574205398560e+03,6.384427263736724854e+02,5.712403497695922852e+02,2.564276798295974731e+04,4.114022526979445502e+03,3.378433059453964233e+03,3.621514763116837003e+03,2.546620661973952792e+03,6.813651479721069336e+03,3.125339932203292847e+03,6.808881027936934515e+03,1.344855840301513672e+04,7.592692001819610596e+03,2.928623247861862183e+03,3.008545280933380127e+03,4.595169482707977295e+03,4.677174632549285889e+03,1.774776736140250796e+04,3.011514341115951538e+03,5.580340804815291449e+03,2.077411654949187778e+03,2.805609575033187866e+03,4.250663236618041992e+03,7.127111304521561578e+03,3.035640994548797607e+03,5.898157645940781549e+03,7.402287256717681885e+03,4.323623261451721191e+03,3.395731056451797031e+03,4.897822099924088434e+03
2.337783155202865601e+03,7.276681268215179443e+02,4.517313164234160467e+03,3.080356614112854004e+03,3.580257206916809082e+03,3.028620308637619019e+03,6.432244193553925697e+02,5.740373218059539795e+02,2.589034563994408381e+04,4.179949557304381415e+03,3.428969433069229126e+03,3.641625519990921021e+03,2.558460052728652954e+03,6.904813991546630859e+03,3.145169417142868042e+03,6.949206853151320502e+03,1.347527898597717285e+04,7.670697360515594482e+03,2.957718997955322266e+03,3.026468385934829712e+03,4.627171679735183716e+03,4.734569199562072754e+03,1.787558863878250122e+04,3.023343278169631958e+03,5.667768686771392822e+03,2.090162530183792114e+03,2.815860271692276001e+03,4.283321727514266968e+03,7.174098906517028809e+03,3.063283517837524414e+03,5.926409583330153509e+03,7.498545789241790771e+03,4.367147748947144464e+03,3.449342462301254272e+03,4.999246375799179077e+03
2.369644638061523438e+03,7.348562154769897461e+02,4.596481953859329224e+03,3.108256271123886108e+03,3.609031656742095947e+03,3.061236133098602295e+03,6.504124965667725746e+02,5.777563371658325195e+02,2.610378216958045959e+04,4.249751230239868164e+03,3.502177588462829590e+03,3.667252281665802002e+03,2.572428404331207730e+03,7.005246452331542969e+03,3.187297313213348389e+03,7.071168356657027289e+03,1.351354723906517029e+04,7.759812856912613825e+03,2.982736341238021851e+03,3.040344340801239014e+03,4.650907685518264771e+03,4.818903120517730713e+03,1.805628855133057004e+04,3.039000602245330811e+03,5.761040718793868109e+03,2.110601435661315918e+03,2.823970205068588257e+03,4.315277047395706177e+03,7.225727452993393854e+03,3.084863128423690796e+03,5.952208233833312988e+03,7.584506881237030029e+03,4.428665476322174072e+03,3.507505536794662476e+03,5.088504676342009589e+03
