alignment	ave_fitness	ave_genome_length	ave_tree_depth	ave_tree_nodes	ave_used_codons	best_fitness	best_phenotype	complexity	gen	generalization	invalids	max_genome_length	max_tree_depth	max_tree_nodes	max_used_codons	min_genome_length	min_tree_depth	min_tree_nodes	min_used_codons	precision	regens	runtime_error	simplicity	time_adjust	time_taken	total_inds	total_time	unique_inds	unused_search	
0.7344110757264057	0.025011409590439463	303.548	8.5	305.398	202.53	0.6314811251919704	{a}{c}opt({b}){h}{g}	0.9512891127891794	0	0.9610633776997776	0	1722	13	1728	1148	10	4	12	7	0	0	0	0.8333333333333334	0	64.38522458076477	500	64.38522458076477	449	10.200000000000003	
0.784495107457716	0.20538887065234776	116.822	9.25	129.486	85.134	0.657566902553494	{a}opt({d})opt({b})xor({c})opt({h})lo2({e})	0.8996612303318947	1	0.9573835397421505	0	499	20	601	396	15	4	12	7	0	0	0	0.9230769230769231	0	3.1548995971679688	1000	67.54012417793274	843	15.700000000000003	
0.8634310440389664	0.33936896880726747	83.164	8.874	95.242	61.744	0.8510712226258893	{a}opt({d})opt({b})xor({e})opt({h})lo2({e})	0.9348740055157252	2	0.8045975961778673	0	481	20	688	454	15	4	12	7	0.8486072282765814	0	0	0.7692307692307692	0	2.8951470851898193	1500	70.43527126312256	1204	19.733333333333334	
0.8634310440389664	0.36906692440774297	80.06	8.962	93.976	60.87	0.8888441734850099	{a}opt({d})opt({b})xor({e})opt({h})	0.9526187324336699	3	0.9655171154134408	0	432	20	653	420	16	4	12	7	0.8972021020145473	0	0	0.8333333333333334	0	2.8903279304504395	2000	73.325599193573	1535	23.25	
0.8983989752685355	0.45239429725567315	93.362	9.498	110.056	70.772	0.9086642800814083	{a}opt({d})opt({b})xor({e})opt({h})lo2({g})	0.9509937106567181	4	0.9631510564526801	0	497	20	735	485	19	4	12	7	0.8735804647362989	0	0	0.9230769230769231	0	2.945371150970459	2500	76.27097034454346	1850	26.0	
0.8983989752685355	0.4884496851452858	93.71	9.408	111.944	71.606	0.9086642800814083	{a}opt({d})opt({b})xor({e})opt({h})lo2({g})	0.9509937106567181	5	0.9631510564526801	0	457	20	678	445	31	4	12	7	0.8735804647362989	0	0	0.9230769230769231	0	2.3765296936035156	3000	78.64750003814697	2141	28.633333333333326	
0.8917002943535459	0.45791461975469805	84.898	9.32	102.428	65.428	0.9131995217096894	{a}and({d})opt({c})xor({e})opt({h})	0.9728937494925322	6	0.9636953773854134	0	499	20	752	487	19	4	12	7	0.9410360288810286	0	0	0.8333333333333334	0	2.098935127258301	3500	80.74643516540527	2435	30.42857142857143	
0.9106556969362437	0.49902723937443605	87.39	9.186	106.014	67.98	0.925399761563824	{a}xor({d})opt({b})xor({e})opt({h})lo2({g})	0.9688166089071261	7	0.9547987500916975	0	479	20	711	466	19	4	12	7	0.9196413921270402	0	0	0.9230769230769231	0	2.206209421157837	4000	82.95264458656311	2746	31.349999999999994	
0.9106556969362437	0.5685550955059894	87.47	9.086	105.148	67.4	0.925399761563824	{a}xor({d})opt({b})xor({e})opt({h})lo2({g})	0.9688166089071261	8	0.9547987500916975	0	414	20	588	387	19	4	12	7	0.9196413921270402	0	0	0.9230769230769231	0	2.0289361476898193	4500	84.98158073425293	3045	32.33333333333334	
0.9202750699571616	0.5821456295501841	78.762	9.046	96.892	61.992	0.9424286622851482	{a}{d}opt({b})seq({e})xor({h}{g})	0.9800564464855441	9	0.9547987500916975	0	436	20	652	424	19	4	12	7	0.9714127805419094	0	0	0.9230769230769231	0	1.706312656402588	5000	86.68789339065552	3344	33.120000000000005	
0.9202750699571616	0.6315068167803015	87.126	9.138	109.608	70.326	0.9424286622851482	{a}{d}opt({b})seq({e})xor({h}{g})	0.9800564464855441	10	0.9547987500916975	0	481	20	730	469	19	4	12	7	0.9714127805419094	0	0	0.9230769230769231	0	2.1281847953796387	5500	88.81607818603516	3647	33.69090909090909	
0.9202750699571616	0.6230296186371383	88.156	9.356	113.804	73.066	0.9424286622851482	{a}{d}opt({b})seq({e})xor({h}{g})	0.9800564464855441	11	0.9547987500916975	0	458	20	683	446	19	4	12	7	0.9714127805419094	0	0	0.9230769230769231	0	2.608802556991577	6000	91.42488074302673	3932	34.46666666666667	
0.9313137315866467	0.6162281477064151	75.776	9.54	93.074	60.326	0.9484012163952718	{a}{d}opt({c})seq({e})xor({h}{g})	0.9828205956210901	12	0.961632941429324	0	458	20	681	446	28	6	18	12	0.9714127805419094	0	0	0.9230769230769231	0	1.963366985321045	6500	93.38824772834778	4250	34.61538461538461	
0.9313137315866467	0.5667904381847193	72.242	9.97	90.53	58.802	0.9484012163952767	{a}{d}opt({c}){e}xor({h}{g})	0.9828205956210901	13	0.961632941429324	0	480	20	706	468	19	4	12	7	0.9714127805419094	0	0	0.9230769230769231	0	1.5096347332000732	7000	94.89788246154785	4514	35.514285714285705	
0.9376466556355391	0.5528020437206675	66.928	9.598	82.156	53.458	0.9534881938096124	{a}{d}opt({c}{b})seq({e})xor({h}{g})	0.9756719367187623	14	0.952379360564295	0	444	20	648	432	19	4	12	7	0.9513779122308103	0	0	1.0	0	1.521806240081787	7500	96.41968870162964	4753	36.626666666666665	
0.9376466556355391	0.5792613472583258	72.022	9.838	90.414	58.912	0.9534881938096124	{a}{d}opt({c}{b})seq({e})xor({h}{g})	0.9756719367187623	15	0.952379360564295	0	495	20	749	483	19	4	12	7	0.9513779122308103	0	0	1.0	0	1.6783115863800049	8000	98.09800028800964	5026	37.175000000000004	
0.9376466556355391	0.5729502489159911	73.446	9.868	92.99	60.666	0.9534881938096174	{a}{d}opt({c}{b}){e}xor({h}{g})	0.9756719367187623	16	0.952379360564295	0	465	20	679	443	21	5	14	9	0.9513779122308103	0	0	1.0	0	2.2534427642822266	8500	100.35144305229187	5298	37.67058823529412	
0.9376466556355391	0.5701683251239884	75.38	10.28	96.396	63.17	0.9534881938096174	{a}{d}opt({c}{b}){e}xor({h}{g})	0.9756719367187623	17	0.952379360564295	0	465	20	694	453	19	4	12	7	0.9513779122308103	0	0	1.0	0	2.226889133453369	9000	102.57833218574524	5556	38.26666666666667	
0.9376466556355391	0.5941270533951953	75.37	10.14	96.548	63.37	0.9534881938096174	{a}{d}opt({c}{b}){e}xor({h}{g})	0.9756719367187623	18	0.952379360564295	0	488	20	705	476	19	4	12	7	0.9513779122308103	0	0	1.0	0	2.773061990737915	9500	105.35139417648315	5820	38.73684210526316	
0.9376466556355391	0.594093045235991	77.108	10.234	99.064	65.108	0.9534881938096174	{a}{d}opt({c}{b}){e}xor({h}{g})	0.9756719367187623	19	0.952379360564295	0	500	20	733	488	19	4	12	7	0.9513779122308103	0	0	1.0	0	2.1755030155181885	10000	107.52689719200134	6085	39.15	
0.9376466556355391	0.5974411164741542	72.562	10.056	91.754	60.562	0.9534881938096174	{a}{d}opt({c}{b}){e}xor({h}{g})	0.9756719367187623	20	0.952379360564295	0	498	20	747	486	19	4	12	7	0.9513779122308103	0	0	1.0	0	1.5448894500732422	10500	109.07178664207458	6333	39.68571428571429	
0.9376466556355391	0.6180034848465823	66.362	9.786	81.764	54.362	0.9534881938096174	{a}{d}opt({c}{b}){e}xor({h}{g})	0.9756719367187623	21	0.952379360564295	0	500	20	732	488	19	4	12	7	0.9513779122308103	0	0	1.0	0	1.9887073040008545	11000	111.06049394607544	6572	40.25454545454545	
0.9376466556355391	0.6023150255520691	66.882	10.076	82.46	54.882	0.9534881938096174	{a}{d}opt({c}{b}){e}xor({h}{g})	0.9756719367187623	22	0.952379360564295	0	495	20	745	483	19	4	12	7	0.9513779122308103	0	0	1.0	0	1.4554674625396729	11500	112.51596140861511	6800	40.869565217391305	
0.9376466556355391	0.6004010854697003	69.29	10.13	86.108	57.29	0.9534881938096174	{a}{d}opt({c}{b}){e}xor({h}{g})	0.9756719367187623	23	0.952379360564295	0	429	20	635	417	19	4	12	7	0.9513779122308103	0	0	1.0	0	1.7782437801361084	12000	114.29420518875122	7002	41.65	
0.9376466556355391	0.6001594374052369	69.192	10.082	86.086	57.192	0.9534881938096174	{a}{d}opt({c}{b}){e}xor({h}{g})	0.9756719367187623	24	0.952379360564295	0	459	20	687	447	19	4	12	7	0.9513779122308103	0	0	1.0	0	1.7629871368408203	12500	116.05719232559204	7205	42.36	
0.9376466556355391	0.6281093376518154	61.104	9.554	73.482	49.104	0.9534881938096174	{a}{d}opt({c}{b}){e}xor({h}{g})	0.9756719367187623	25	0.952379360564295	0	418	20	619	406	19	4	12	7	0.9513779122308103	0	0	1.0	0	1.3658568859100342	13000	117.42304921150208	7385	43.19230769230769	
0.9376466556355391	0.5930437062462509	71.44	10.4	89.576	59.44	0.9534881938096174	{a}{d}opt({c}{b}){e}xor({h}{g})	0.9756719367187623	26	0.952379360564295	0	498	20	741	486	19	4	12	7	0.9513779122308103	0	0	1.0	0	1.6682369709014893	13500	119.09128618240356	7579	43.85925925925926	
0.9376466556355391	0.6065487154906244	67.962	9.95	84.09	55.962	0.9534881938096174	{a}{d}opt({c}{b}){e}xor({h}{g})	0.9756719367187623	27	0.952379360564295	0	491	20	742	479	19	4	12	7	0.9513779122308103	0	0	1.0	0	1.3688037395477295	14000	120.4600899219513	7757	44.59285714285714	
0.9376466556355391	0.6254210845029552	66.352	9.774	81.636	54.352	0.9534881938096174	{a}{d}opt({c}{b}){e}xor({h}{g})	0.9756719367187623	28	0.952379360564295	0	500	20	751	488	22	5	16	10	0.9513779122308103	0	0	1.0	0	1.6341900825500488	14500	122.09428000450134	7937	45.262068965517244	
0.9376466556355391	0.5765877694418402	72.008	10.458	90.382	60.008	0.9534881938096174	{a}{d}opt({c}{b}){e}xor({h}{g})	0.9756719367187623	29	0.952379360564295	0	474	20	710	462	19	4	12	7	0.9513779122308103	0	0	1.0	0	1.4344797134399414	15000	123.52875971794128	8131	45.79333333333333	
0.9376466556355391	0.5794497537610999	71.404	10.254	89.138	59.404	0.9534881938096174	{a}{d}opt({c}{b}){e}xor({h}{g})	0.9756719367187623	30	0.952379360564295	0	468	20	702	456	19	4	12	7	0.9513779122308103	0	0	1.0	0	1.7274158000946045	15500	125.25617551803589	8343	46.1741935483871	
0.9376466556355391	0.6064284304842577	67.102	9.814	82.71	55.102	0.9534881938096174	{a}{d}opt({c}{b}){e}xor({h}{g})	0.9756719367187623	31	0.952379360564295	0	459	20	689	447	19	4	12	7	0.9513779122308103	0	0	1.0	0	1.6702656745910645	16000	126.92644119262695	8522	46.7375	
0.9376466556355391	0.5715308960642806	74.58	10.526	94.084	62.58	0.9534881938096174	{a}{d}opt({c}{b}){e}xor({h}{g})	0.9756719367187623	32	0.952379360564295	0	494	20	733	482	19	4	12	7	0.9513779122308103	0	0	1.0	0	1.8896443843841553	16500	128.8160855770111	8728	47.1030303030303	
0.9376466556355391	0.6443464276584033	63.402	9.702	77.128	51.402	0.9534881938096174	{a}{d}opt({c}{b}){e}xor({h}{g})	0.9756719367187623	33	0.952379360564295	0	499	20	746	487	19	4	12	7	0.9513779122308103	0	0	1.0	0	1.5889701843261719	17000	130.40505576133728	8874	47.8	
0.9376466556355391	0.6138776569823488	69.196	9.984	85.804	57.196	0.9534881938096174	{a}{d}opt({c}{b}){e}xor({h}{g})	0.9756719367187623	34	0.952379360564295	0	472	20	702	460	19	4	12	7	0.9513779122308103	0	0	1.0	0	1.404764175415039	17500	131.80981993675232	9052	48.27428571428571	
0.9376466556355391	0.5912263227197302	64.568	9.794	78.804	52.568	0.9534881938096174	{a}{d}opt({c}{b}){e}xor({h}{g})	0.9756719367187623	35	0.952379360564295	0	458	20	677	446	19	4	12	7	0.9513779122308103	0	0	1.0	0	1.472996711730957	18000	133.28281664848328	9219	48.78333333333333	
0.9376466556355391	0.6102343835071394	70.338	10.146	87.576	58.338	0.9534881938096174	{a}{d}opt({c}{b}){e}xor({h}{g})	0.9756719367187623	36	0.952379360564295	0	495	20	733	483	19	4	12	7	0.9513779122308103	0	0	1.0	0	1.5549390316009521	18500	134.83775568008423	9390	49.24324324324324	
0.9376466556355391	0.6039908532942729	66.33	10.026	81.686	54.33	0.9534881938096174	{a}{d}opt({c}{b}){e}xor({h}{g})	0.9756719367187623	37	0.952379360564295	0	398	20	593	386	19	4	12	7	0.9513779122308103	0	0	1.0	0	1.2968356609344482	19000	136.13459134101868	9560	49.68421052631579	
0.9376466556355391	0.5931099930404645	69.75	10.114	87.068	57.75	0.9534881938096174	{a}{d}opt({c}{b}){e}xor({h}{g})	0.9756719367187623	38	0.952379360564295	0	495	20	750	483	19	4	12	7	0.9513779122308103	0	0	1.0	0	1.9555814266204834	19500	138.09017276763916	9746	50.02051282051282	
0.966225861661609	0.618121106850527	67.912	9.932	83.81	55.912	0.9604075639612246	{a}opt({c}{d}){e}xor({h}{g})	0.9867453658021395	39	0.966186515664154	0	496	20	727	484	19	4	12	7	0.9513779122308103	0	0	0.9230769230769231	0	1.8516268730163574	20000	139.94179964065552	9909	50.455	
0.966225861661609	0.5981333697348292	66.644	9.914	82.022	54.644	0.9604075639612246	{a}opt({c}{d}){e}xor({h}{g})	0.9867453658021395	40	0.966186515664154	0	469	20	689	457	19	4	12	7	0.9513779122308103	0	0	0.9230769230769231	0	1.5902814865112305	20500	141.53208112716675	10078	50.83902439024391	
0.946376488775869	0.611334720865548	67.118	9.968	82.784	55.118	0.9623733125875337	{a}and({c}{d}){e}xor({h}{g})	0.986590419443502	41	0.966186515664154	0	486	20	711	474	19	4	12	7	1.0	0	0	0.9230769230769231	0	1.3023855686187744	21000	142.83446669578552	10259	51.147619047619045	
1.0	0.5785538851325879	69.926	10.36	87.376	57.926	0.9783089981935569	{a}opt({b}{c}{d}){e}xor({h}{g})	1	42	0.9641198055751996	0	458	20	682	446	19	4	12	7	0.9203305890835459	0	0	1.0	0	1.607757806777954	21500	144.44222450256348	10468	51.31162790697674	
1.0	0.5066192391111825	67.618	10.256	84.074	55.618	0.9783089981935569	{a}opt({b}{c}{d}){e}xor({h}{g})	1	43	0.9641198055751996	0	491	20	743	479	19	4	12	7	0.9203305890835459	0	0	1.0	0	1.341641902923584	22000	145.78386640548706	10706	51.336363636363636	
1.0	0.5253925845730906	62.772	10.134	76.9	50.772	0.9783089981935569	{a}opt({b}{c}{d}){e}xor({h}{g})	1	44	0.9641198055751996	0	393	20	578	381	19	4	12	7	0.9203305890835459	0	0	1.0	0	1.544416904449463	22500	147.32828330993652	10939	51.382222222222225	
1.0	0.5197869907600379	66.216	9.96	82.13	54.216	0.9820319514713717	{a}and(lo0(xor({c}))opt({b}){d}){e}xor({h}{g})	1	45	0.9641198055751996	0	497	20	747	485	19	4	12	7	0.9370838788337794	0	0	1.0	0	1.35494065284729	23000	148.6832239627838	11192	51.33913043478261	
1.0	0.5215863959999331	71.88	10.492	90.758	59.88	0.9820319514713717	{a}and(lo0(xor({c}))opt({b}){d}){e}xor({h}{g})	1	46	0.9641198055751996	0	366	20	547	354	19	4	12	7	0.9370838788337794	0	0	1.0	0	1.8636460304260254	23500	150.54686999320984	11447	51.289361702127664	
1.0	0.5521634778296193	69.602	10.67	87.364	57.602	0.9835622481121798	{a}and(opt(xor({c}))opt({b}){d}){e}xor({h}{g})	1	47	0.9641198055751996	0	497	20	740	485	19	4	12	7	0.9439702137174167	0	0	1.0	0	2.1216814517974854	24000	152.66855144500732	11720	51.166666666666664	
1.0	0.6052820466933894	75.066	11.756	96.43	63.066	0.9835622481121798	{a}and(opt(xor({c}))opt({b}){d}){e}xor({h}{g})	1	48	0.9641198055751996	0	478	20	709	466	19	4	12	7	0.9439702137174167	0	0	1.0	0	2.0670275688171387	24500	154.73557901382446	11981	51.09795918367347	
1.0	0.6297648176826425	83.916	13.64	111.472	71.916	0.9835622481121798	{a}and(opt(xor({c}))opt({b}){d}){e}xor({h}{g})	1	49	0.9641198055751996	0	471	20	702	459	19	4	12	7	0.9439702137174167	0	0	1.0	0	2.2520744800567627	25000	156.98765349388123	12265	50.940000000000005	
1.0	0.6702568614859682	83.99	13.86	112.192	71.99	0.9835622481121798	{a}and(opt(xor({c}))opt({b}){d}){e}xor({h}{g})	1	50	0.9641198055751996	0	481	20	718	469	19	4	12	7	0.9439702137174167	0	0	1.0	0	2.0891847610473633	25500	159.0768382549286	12540	50.8235294117647	
1.0	0.6800325091256881	84.718	14.064	113.496	72.718	0.9835622481121848	{a}and(opt({c})opt({b}){d}){e}xor({h}{g})	1	51	0.9641198055751996	0	485	20	735	473	19	4	12	7	0.9439702137174167	0	0	1.0	0	1.9772815704345703	26000	161.05411982536316	12781	50.84230769230769	
1.0	0.6238530263584701	78.992	13.572	104.442	66.992	0.9835622481121848	{a}and(opt({c})opt({b}){d}){e}xor({h}{g})	1	52	0.9641198055751996	0	357	20	533	345	21	5	14	9	0.9439702137174167	0	0	1.0	0	1.8272218704223633	26500	162.88134169578552	13000	50.943396226415096	
1.0	0.6183210108851861	82.304	13.122	109.166	70.304	0.9835622481121848	{a}and(opt({c})opt({b}){d}){e}xor({h}{g})	1	53	0.9641198055751996	0	494	20	756	482	19	4	12	7	0.9439702137174167	0	0	1.0	0	2.0374460220336914	27000	164.9187877178192	13251	50.922222222222224	
1.0	0.6092160201531958	82.296	12.778	108.826	70.296	0.9835622481121848	{a}and(opt({c})opt({b}){d}){e}xor({h}{g})	1	54	0.9641198055751996	0	479	20	717	467	19	4	12	7	0.9439702137174167	0	0	1.0	0	1.709648847579956	27500	166.62843656539917	13497	50.92	
1.0	0.6347606439773629	79.48	12.306	104.282	67.48	0.9835622481121848	{a}and(opt({c})opt({b}){d}){e}xor({h}{g})	1	55	0.9641198055751996	0	493	20	734	481	19	4	12	7	0.9439702137174167	0	0	1.0	0	1.916717767715454	28000	168.54515433311462	13712	51.02857142857143	
1.0	0.6416883346190256	76.17	12.14	99.182	64.17	0.9835622481121848	{a}and(opt({c})opt({b}){d}){e}xor({h}{g})	1	56	0.9641198055751996	0	493	20	743	481	19	4	12	7	0.9439702137174167	0	0	1.0	0	1.8355309963226318	28500	170.38068532943726	13924	51.14385964912281	
1.0	0.6230960776583726	77.97	12.284	102.114	65.97	0.9835622481121848	{a}and(opt({c})opt({b}){d}){e}xor({h}{g})	1	57	0.9641198055751996	0	494	20	743	482	19	4	12	7	0.9439702137174167	0	0	1.0	0	2.215294599533081	29000	172.59597992897034	14126	51.289655172413795	
1.0	0.6007001788156664	77.204	12.44	100.878	65.204	0.9835622481121848	{a}and(opt({c})opt({b}){d}){e}xor({h}{g})	1	58	0.9641198055751996	0	499	20	738	487	19	4	12	7	0.9439702137174167	0	0	1.0	0	1.514941930770874	29500	174.1109218597412	14348	51.362711864406776	
1.0	0.5765549061816406	80.754	12.354	106.162	68.754	0.9835622481121848	{a}and(opt({c})opt({b}){d}){e}xor({h}{g})	1	59	0.9641198055751996	0	436	20	650	424	19	4	12	7	0.9439702137174167	0	0	1.0	0	1.846632719039917	30000	175.95755457878113	14569	51.43666666666667	
1.0	0.5956858943558712	76.016	12.204	98.86	64.016	0.9835622481121848	{a}and(opt({c})opt({b}){d}){e}xor({h}{g})	1	60	0.9641198055751996	0	499	20	740	487	19	4	12	7	0.9439702137174167	0	0	1.0	0	1.9681546688079834	30500	177.9257092475891	14789	51.511475409836066	
1.0	0.6321894414864391	74.472	12.082	96.522	62.472	0.9835622481121848	{a}and(opt({c})opt({b}){d}){e}xor({h}{g})	1	61	0.9641198055751996	0	489	20	725	477	19	4	12	7	0.9439702137174167	0	0	1.0	0	2.008700132369995	31000	179.9344093799591	14988	51.65161290322581	
1.0	0.5990138193021443	78.346	12.364	102.542	66.346	0.9835622481121848	{a}and(opt({c})opt({b}){d}){e}xor({h}{g})	1	62	0.9641198055751996	0	493	20	720	481	19	4	12	7	0.9439702137174167	0	0	1.0	0	1.5894408226013184	31500	181.52385020256042	15198	51.752380952380946	
1.0	0.6531604475730048	73.13	12.122	94.64	61.13	0.9835622481121848	{a}and(opt({c})opt({b}){d}){e}xor({h}{g})	1	63	0.9641198055751996	0	396	20	583	384	19	4	12	7	0.9439702137174167	0	0	1.0	0	1.9200263023376465	32000	183.44387650489807	15369	51.971875	
1.0	0.6278196075903022	78.822	12.124	103.148	66.822	0.9835622481121848	{a}and(opt({c})opt({b}){d}){e}xor({h}{g})	1	64	0.9641198055751996	0	498	20	747	486	22	5	16	10	0.9439702137174167	0	0	1.0	0	1.683791160583496	32500	185.12766766548157	15552	52.1476923076923	
1.0	0.5995391691667885	75.738	12.168	98.436	63.738	0.9835622481121848	{a}and(opt({c})opt({b}){d}){e}xor({h}{g})	1	65	0.9641198055751996	0	499	20	743	487	19	4	12	7	0.9439702137174167	0	0	1.0	0	2.0321812629699707	33000	187.15984892845154	15750	52.27272727272727	
1.0	0.6328814482686111	74.474	12.38	96.586	62.474	0.9835622481121848	{a}and(opt({c})opt({b}){d}){e}xor({h}{g})	1	66	0.9641198055751996	0	311	20	461	299	19	4	12	7	0.9439702137174167	0	0	1.0	0	1.718385934829712	33500	188.87823486328125	15929	52.450746268656715	
1.0	0.5959912889709778	76.064	12.532	98.984	64.064	0.9835622481121848	{a}and(opt({c})opt({b}){d}){e}xor({h}{g})	1	67	0.9641198055751996	0	310	20	452	298	24	5	18	12	0.9439702137174167	0	0	1.0	0	1.5471088886260986	34000	190.42534375190735	16137	52.53823529411765	
1.0	0.6089590173034901	80.328	12.514	105.554	68.328	0.9835622481121848	{a}and(opt({c})opt({b}){d}){e}xor({h}{g})	1	68	0.9641198055751996	0	374	20	554	362	19	4	12	7	0.9439702137174167	0	0	1.0	0	2.2470881938934326	34500	192.67243194580078	16334	52.655072463768114	
1.0	0.6283628262930884	77.506	12.296	101.236	65.506	0.9835622481121848	{a}and(opt({c})opt({b}){d}){e}xor({h}{g})	1	69	0.9641198055751996	0	460	20	679	448	19	4	12	7	0.9439702137174167	0	0	1.0	0	1.9257910251617432	35000	194.59822297096252	16526	52.78285714285714	
1.0	0.6416130315414562	77.306	12.246	100.89	65.306	0.9835622481121848	{a}and(opt({c})opt({b}){d}){e}xor({h}{g})	1	70	0.9641198055751996	0	459	20	693	447	19	4	12	7	0.9439702137174167	0	0	1.0	0	1.8042652606964111	35500	196.40248823165894	16706	52.94084507042254	
1.0	0.6138782834047141	79.826	12.552	104.86	67.826	0.9835622481121848	{a}and(opt({c})opt({b}){d}){e}xor({h}{g})	1	71	0.9641198055751996	0	389	20	585	377	19	4	12	7	0.9439702137174167	0	0	1.0	0	1.9729244709014893	36000	198.37541270256042	16907	53.03611111111111	
1.0	0.5861665834078603	80.562	12.502	105.74	68.562	0.9835622481121848	{a}and(opt({c})opt({b}){d}){e}xor({h}{g})	1	72	0.9641198055751996	0	386	20	576	374	21	5	14	9	0.9439702137174167	0	0	1.0	0	1.8515558242797852	36500	200.2269685268402	17102	53.14520547945206	
1.0	0.6108921765409329	76.624	12.258	99.968	64.624	0.9835622481121848	{a}and(opt({c})opt({b}){d}){e}xor({h}{g})	1	73	0.9641198055751996	0	432	20	651	420	19	4	12	7	0.9439702137174167	0	0	1.0	0	1.566828966140747	37000	201.79379749298096	17288	53.27567567567568	
1.0	0.6238297521230808	77.858	12.33	101.772	65.858	0.9835622481121848	{a}and(opt({c})opt({b}){d}){e}xor({h}{g})	1	74	0.9641198055751996	0	451	20	677	439	19	4	12	7	0.9439702137174167	0	0	1.0	0	1.7286567687988281	37500	203.52245426177979	17458	53.44533333333333	
1.0	0.6366031800844019	80.47	12.198	105.712	68.47	0.9835622481121848	{a}and(opt({c})opt({b}){d}){e}xor({h}{g})	1	75	0.9641198055751996	0	496	20	738	484	19	4	12	7	0.9439702137174167	0	0	1.0	0	1.744016170501709	38000	205.2664704322815	17637	53.58684210526316	
1.0	0.650933609892194	76.506	12.236	99.742	64.506	0.9835622481121848	{a}and(opt({c})opt({b}){d}){e}xor({h}{g})	1	76	0.9641198055751996	0	421	20	625	409	19	4	12	7	0.9439702137174167	0	0	1.0	0	1.7960233688354492	38500	207.06249380111694	17814	53.72987012987013	
1.0	0.6188390574491147	79.41	12.454	104.142	67.41	0.9835622481121848	{a}and(opt({c})opt({b}){d}){e}xor({h}{g})	1	77	0.9641198055751996	0	477	20	701	465	19	4	12	7	0.9439702137174167	0	0	1.0	0	1.7455086708068848	39000	208.80800247192383	18000	53.84615384615385	
1.0	0.6167690998807048	81.614	12.442	107.498	69.614	0.9835622481121848	{a}and(opt({c})opt({b}){d}){e}xor({h}{g})	1	78	0.9641198055751996	0	496	20	733	484	19	4	12	7	0.9439702137174167	0	0	1.0	0	2.0065932273864746	39500	210.8145956993103	18182	53.96962025316456	
1.0	0.6305915613115375	78.378	12.182	102.574	66.378	0.9835622481121848	{a}and(opt({c})opt({b}){d}){e}xor({h}{g})	1	79	0.9641198055751996	0	486	20	723	474	19	4	12	7	0.9439702137174167	0	0	1.0	0	1.6149423122406006	40000	212.4295380115509	18350	54.125	
1.0	0.6135815186324489	78.114	12.246	102.26	66.114	0.9835622481121848	{a}and(opt({c})opt({b}){d}){e}xor({h}{g})	1	80	0.9641198055751996	0	471	20	699	459	19	4	12	7	0.9439702137174167	0	0	1.0	0	2.1887495517730713	40500	214.61828756332397	18526	54.25679012345679	
1.0	0.6060213633009688	80.14	12.38	105.254	68.14	0.9835622481121848	{a}and(opt({c})opt({b}){d}){e}xor({h}{g})	1	81	0.9641198055751996	0	500	20	733	488	19	4	12	7	0.9439702137174167	0	0	1.0	0	2.1846983432769775	41000	216.80298590660095	18701	54.387804878048776	
1.0	0.6131797712663954	79.236	12.304	103.95	67.236	0.9835622481121848	{a}and(opt({c})opt({b}){d}){e}xor({h}{g})	1	82	0.9641198055751996	0	491	20	737	479	19	4	12	7	0.9439702137174167	0	0	1.0	0	2.1714842319488525	41500	218.9744701385498	18880	54.506024096385545	
1.0	0.59257910568083	78.294	12.262	102.25	66.294	0.9835622481121848	{a}and(opt({c})opt({b}){d}){e}xor({h}{g})	1	83	0.9641198055751996	0	437	20	649	425	19	4	12	7	0.9439702137174167	0	0	1.0	0	1.750333309173584	42000	220.7248034477234	19049	54.6452380952381	
1.0	0.6208472712482832	74.742	12.32	97.058	62.742	0.9835622481121848	{a}and(opt({c})opt({b}){d}){e}xor({h}{g})	1	84	0.9641198055751996	0	379	20	576	367	19	4	12	7	0.9439702137174167	0	0	1.0	0	1.9229011535644531	42500	222.64770460128784	19223	54.769411764705886	
1.0	0.605623907595103	75.61	12.058	98.36	63.61	0.9835622481121848	{a}and(opt({c})opt({b}){d}){e}xor({h}{g})	1	85	0.9641198055751996	0	361	20	526	349	19	4	12	7	0.9439702137174167	0	0	1.0	0	1.8195464611053467	43000	224.4672510623932	19397	54.890697674418604	
1.0	0.6139501651105513	79.39	12.29	103.98	67.39	0.9835622481121848	{a}and(opt({c})opt({b}){d}){e}xor({h}{g})	1	86	0.9641198055751996	0	485	20	716	473	19	4	12	7	0.9439702137174167	0	0	1.0	0	1.9786908626556396	43500	226.44594192504883	19569	55.01379310344828	
1.0	0.6318110869220598	75.676	12.188	98.274	63.676	0.9835622481121848	{a}and(opt({c})opt({b}){d}){e}xor({h}{g})	1	87	0.9641198055751996	0	484	20	725	472	19	4	12	7	0.9439702137174167	0	0	1.0	0	2.4943125247955322	44000	228.94025444984436	19722	55.17727272727272	
1.0	0.5909097995858754	78.758	12.396	103.078	66.758	0.9835622481121848	{a}and(opt({c})opt({b}){d}){e}xor({h}{g})	1	88	0.9641198055751996	0	468	20	689	456	19	4	12	7	0.9439702137174167	0	0	1.0	0	1.6282260417938232	44500	230.56848049163818	19907	55.26516853932584	
1.0	0.6173662972354726	79.642	12.504	104.684	67.642	0.9835622481121848	{a}and(opt({c})opt({b}){d}){e}xor({h}{g})	1	89	0.9641198055751996	0	440	20	656	428	19	4	12	7	0.9439702137174167	0	0	1.0	0	1.9305858612060547	45000	232.49906635284424	20086	55.364444444444445	
1.0	0.6311824032275706	79.57	12.354	104.36	67.57	0.9835622481121848	{a}and(opt({c})opt({b}){d}){e}xor({h}{g})	1	90	0.9641198055751996	0	456	20	667	444	21	5	14	9	0.9439702137174167	0	0	1.0	0	1.622499704360962	45500	234.1215660572052	20240	55.51648351648352	
1.0	0.6352407776244771	79.346	12.344	104.134	67.346	0.9835622481121848	{a}and(opt({c})opt({b}){d}){e}xor({h}{g})	1	91	0.9641198055751996	0	490	20	722	478	26	6	24	14	0.9439702137174167	0	0	1.0	0	1.4115979671478271	46000	235.53316402435303	20404	55.643478260869564	
1.0	0.6198236022420922	76.006	12.178	99.172	64.006	0.9835622481121848	{a}and(opt({c})opt({b}){d}){e}xor({h}{g})	1	92	0.9641198055751996	0	490	20	734	478	21	5	14	9	0.9439702137174167	0	0	1.0	0	1.5841634273529053	46500	237.11732745170593	20567	55.76989247311828	
1.0	0.622897297761719	74.676	12.148	97.122	62.676	0.9835622481121848	{a}and(opt({c})opt({b}){d}){e}xor({h}{g})	1	93	0.9641198055751996	0	339	20	498	327	21	5	14	9	0.9439702137174167	0	0	1.0	0	1.5876069068908691	47000	238.7049343585968	20742	55.86808510638298	
1.0	0.5903835734566941	83.38	12.64	110.294	71.38	0.9835622481121848	{a}and(opt({c})opt({b}){d}){e}xor({h}{g})	1	94	0.9641198055751996	0	474	20	718	462	19	4	12	7	0.9439702137174167	0	0	1.0	0	1.703639030456543	47500	240.40857338905334	20922	55.95368421052632	
1.0	0.610879959283993	77.826	12.396	101.708	65.826	0.9835622481121848	{a}and(opt({c})opt({b}){d}){e}xor({h}{g})	1	95	0.9641198055751996	0	492	20	723	480	19	4	12	7	0.9439702137174167	0	0	1.0	0	2.003448486328125	48000	242.41202187538147	21095	56.052083333333336	
1.0	0.5963309499170175	79.734	12.326	104.55	67.734	0.9835622481121848	{a}and(opt({c})opt({b}){d}){e}xor({h}{g})	1	96	0.9641198055751996	0	452	20	665	440	19	4	12	7	0.9439702137174167	0	0	1.0	0	3.449373245239258	48500	245.86139512062073	21271	56.14226804123712	
1.0	0.612107720940053	77.374	12.42	101.104	65.374	0.9835622481121848	{a}and(opt({c})opt({b}){d}){e}xor({h}{g})	1	97	0.9641198055751996	0	479	20	711	467	19	4	12	7	0.9439702137174167	0	0	1.0	0	1.8291645050048828	49000	247.6905596256256	21456	56.21224489795919	
1.0	0.6060747199781904	78.352	12.212	102.426	66.352	0.9835622481121848	{a}and(opt({c})opt({b}){d}){e}xor({h}{g})	1	98	0.9641198055751996	0	486	20	718	474	19	4	12	7	0.9439702137174167	0	0	1.0	0	2.720843553543091	49500	250.4114031791687	21619	56.32525252525252	
1.0	0.6230953812151849	78.078	12.336	102.054	66.078	0.9835622481121848	{a}and(opt({c})opt({b}){d}){e}xor({h}{g})	1	99	0.9641198055751996	0	477	20	705	465	19	4	12	7	0.9439702137174167	0	0	1.0	0	2.695787191390991	50000	253.1071903705597	21778	56.444	
1.0	0.622638822544966	77.588	12.274	101.468	65.588	0.9835622481121848	{a}and(opt({c})opt({b}){d}){e}xor({h}{g})	1	100	0.9641198055751996	0	448	20	674	436	19	4	12	7	0.9439702137174167	0	0	1.0	0	1.8601574897766113	50500	254.9673478603363	21949	56.53663366336634	
1.0	0.6104077247556825	75.992	12.148	98.872	63.992	0.9835622481121848	{a}and(opt({c})opt({b}){d}){e}xor({h}{g})	1	101	0.9641198055751996	0	500	20	745	488	19	4	12	7	0.9439702137174167	0	0	1.0	0	1.710432767868042	51000	256.67778062820435	22102	56.66274509803921	
1.0	0.6174920768339863	77.296	12.28	100.836	65.296	0.9835622481121848	{a}and(opt({c})opt({b}){d}){e}xor({h}{g})	1	102	0.9641198055751996	0	454	20	674	442	19	4	12	7	0.9439702137174167	0	0	1.0	0	2.2825546264648438	51500	258.9603352546692	22264	56.768932038834954	
1.0	0.6054814821932286	80.872	12.586	106.594	68.872	0.9835622481121848	{a}and(opt({c})opt({b}){d}){e}xor({h}{g})	1	103	0.9641198055751996	0	465	20	711	453	19	4	12	7	0.9439702137174167	0	0	1.0	0	2.2921319007873535	52000	261.25246715545654	22440	56.84615384615385	
1.0	0.6014125533399578	80.822	12.46	106.45	68.822	0.9835622481121848	{a}and(opt({c})opt({b}){d}){e}xor({h}{g})	1	104	0.9641198055751996	0	462	20	692	450	21	5	14	9	0.9439702137174167	0	0	1.0	0	1.7249267101287842	52500	262.9773938655853	22610	56.93333333333334	
1.0	0.6166176306149433	79.01	12.382	103.67	67.01	0.9835622481121848	{a}and(opt({c})opt({b}){d}){e}xor({h}{g})	1	105	0.9641198055751996	0	440	20	662	428	19	4	12	7	0.9439702137174167	0	0	1.0	0	1.7620196342468262	53000	264.73941349983215	22770	57.0377358490566	
1.0	0.6391636259560874	83.544	12.434	110.436	71.544	0.9835622481121848	{a}and(opt({c})opt({b}){d}){e}xor({h}{g})	1	106	0.9641198055751996	0	498	20	743	486	19	4	12	7	0.9439702137174167	0	0	1.0	0	2.157740592956543	53500	266.8971540927887	22920	57.1588785046729	
1.0	0.6257247858289884	80.888	12.424	106.406	68.888	0.9835622481121848	{a}and(opt({c})opt({b}){d}){e}xor({h}{g})	1	107	0.9641198055751996	0	479	20	715	467	19	4	12	7	0.9439702137174167	0	0	1.0	0	2.4291951656341553	54000	269.32634925842285	23076	57.266666666666666	
1.0	0.6342346818149714	76.908	12.028	100.252	64.908	0.9835622481121848	{a}and(opt({c})opt({b}){d}){e}xor({h}{g})	1	108	0.9641198055751996	0	478	20	703	466	19	4	12	7	0.9439702137174167	0	0	1.0	0	2.377164363861084	54500	271.70351362228394	23226	57.383486238532114	
1.0	0.6075356997228704	82.262	12.442	108.63	70.262	0.9835622481121848	{a}and(opt({c})opt({b}){d}){e}xor({h}{g})	1	109	0.9641198055751996	0	451	20	671	439	19	4	12	7	0.9439702137174167	0	0	1.0	0	1.684852123260498	55000	273.38836574554443	23390	57.472727272727276	
1.0	0.6344584230686453	79.678	12.5	104.62	67.678	0.9835622481121848	{a}and(opt({c})opt({b}){d}){e}xor({h}{g})	1	110	0.9641198055751996	0	466	20	686	454	19	4	12	7	0.9439702137174167	0	0	1.0	0	1.9782679080963135	55500	275.36663365364075	23550	57.567567567567565	
1.0	0.618390753833624	76.722	12.264	100.044	64.722	0.9835622481121848	{a}and(opt({c})opt({b}){d}){e}xor({h}{g})	1	111	0.9641198055751996	0	438	20	643	426	19	4	12	7	0.9439702137174167	0	0	1.0	0	1.6438345909118652	56000	277.0104682445526	23705	57.669642857142854	
1.0	0.6162678394120545	76.824	12.342	100.122	64.824	0.9835622481121848	{a}and(opt({c})opt({b}){d}){e}xor({h}{g})	1	112	0.9641198055751996	0	433	20	646	421	19	4	12	7	0.9439702137174167	0	0	1.0	0	1.6696803569793701	56500	278.680148601532	23854	57.78053097345133	
1.0	0.6479664401701964	79.278	12.464	104.048	67.278	0.9835622481121848	{a}and(opt({c})opt({b}){d}){e}xor({h}{g})	1	113	0.9641198055751996	0	488	20	715	476	19	4	12	7	0.9439702137174167	0	0	1.0	0	3.1417136192321777	57000	281.82186222076416	24015	57.86842105263158	
1.0	0.5972804726683008	80.496	12.638	105.778	68.496	0.9835622481121848	{a}and(opt({c})opt({b}){d}){e}xor({h}{g})	1	114	0.9641198055751996	0	490	20	736	478	26	6	24	14	0.9439702137174167	0	0	1.0	0	1.9523887634277344	57500	283.7742509841919	24181	57.94608695652174	
1.0	0.6183235322643371	77.662	12.304	101.416	65.662	0.9835622481121848	{a}and(opt({c})opt({b}){d}){e}xor({h}{g})	1	115	0.9641198055751996	0	430	20	649	418	19	4	12	7	0.9439702137174167	0	0	1.0	0	1.9238390922546387	58000	285.69809007644653	24340	58.03448275862069	
1.0	0.6349823507550482	75.858	12.208	98.7	63.858	0.9835622481121848	{a}and(opt({c})opt({b}){d}){e}xor({h}{g})	1	116	0.9641198055751996	0	407	20	594	395	19	4	12	7	0.9439702137174167	0	0	1.0	0	2.3069355487823486	58500	288.0050256252289	24485	58.14529914529915	
1.0	0.6207246739452841	76.554	12.112	99.816	64.554	0.9835622481121848	{a}and(opt({c})opt({b}){d}){e}xor({h}{g})	1	117	0.9641198055751996	0	485	20	738	473	19	4	12	7	0.9439702137174167	0	0	1.0	0	1.8846967220306396	59000	289.8897223472595	24640	58.23728813559322	
1.0	0.6190738943384162	73.582	12.086	95.246	61.582	0.9835622481121848	{a}and(opt({c})opt({b}){d}){e}xor({h}{g})	1	118	0.9641198055751996	0	486	20	730	474	19	4	12	7	0.9439702137174167	0	0	1.0	0	1.77801513671875	59500	291.66773748397827	24780	58.352941176470594	
1.0	0.6147309389926309	79.756	12.396	104.67	67.756	0.9835622481121848	{a}and(opt({c})opt({b}){d}){e}xor({h}{g})	1	119	0.9641198055751996	0	462	20	688	450	19	4	12	7	0.9439702137174167	0	0	1.0	0	1.71159029006958	60000	293.37932777404785	24938	58.43666666666667	
1.0	0.6066447580876297	78.752	12.35	103.17	66.752	0.9835622481121848	{a}and(opt({c})opt({b}){d}){e}xor({h}{g})	1	120	0.9641198055751996	0	498	20	741	486	19	4	12	7	0.9439702137174167	0	0	1.0	0	1.5685350894927979	60500	294.94786286354065	25099	58.51404958677686	
1.0	0.6420180968497715	77.524	12.22	101.228	65.524	0.9835622481121848	{a}and(opt({c})opt({b}){d}){e}xor({h}{g})	1	121	0.9641198055751996	0	385	20	572	373	19	4	12	7	0.9439702137174167	0	0	1.0	0	2.0588839054107666	61000	297.0067467689514	25252	58.60327868852459	
1.0	0.6244795127095656	75.176	12.128	97.712	63.176	0.9835622481121848	{a}and(opt({c})opt({b}){d}){e}xor({h}{g})	1	122	0.9641198055751996	0	448	20	666	436	19	4	12	7	0.9439702137174167	0	0	1.0	0	1.5066304206848145	61500	298.51337718963623	25405	58.6910569105691	
1.0	0.6284460475100305	77.588	12.268	101.376	65.588	0.9835622481121848	{a}and(opt({c})opt({b}){d}){e}xor({h}{g})	1	123	0.9641198055751996	0	485	20	718	473	19	4	12	7	0.9439702137174167	0	0	1.0	0	1.7146403789520264	62000	300.22801756858826	25549	58.791935483870965	
1.0	0.6384624771721416	80.884	12.268	106.27	68.884	0.9835622481121848	{a}and(opt({c})opt({b}){d}){e}xor({h}{g})	1	124	0.9641198055751996	0	483	20	709	471	19	4	12	7	0.9439702137174167	0	0	1.0	0	1.7349345684051514	62500	301.9629521369934	25700	58.879999999999995	
1.0	0.640875010941601	76.236	12.092	99.38	64.236	0.9835622481121848	{a}and(opt({c})opt({b}){d}){e}xor({h}{g})	1	125	0.9641198055751996	0	481	20	730	469	19	4	12	7	0.9439702137174167	0	0	1.0	0	2.005497694015503	63000	303.9684498310089	25844	58.97777777777778	
1.0	0.6182485156874368	80.858	12.468	106.482	68.858	0.9835622481121848	{a}and(opt({c})opt({b}){d}){e}xor({h}{g})	1	126	0.9641198055751996	0	488	20	733	476	19	4	12	7	0.9439702137174167	0	0	1.0	0	3.890375852584839	63500	307.85882568359375	26008	59.042519685039366	
1.0	0.609929192764152	76.304	12.118	99.334	64.304	0.9835622481121848	{a}and(opt({c})opt({b}){d}){e}xor({h}{g})	1	127	0.9641198055751996	0	444	20	653	432	19	4	12	7	0.9439702137174167	0	0	1.0	0	3.1652722358703613	64000	311.0240979194641	26162	59.121875	
1.0	0.6078925992168903	79.566	12.322	104.382	67.566	0.9835622481121848	{a}and(opt({c})opt({b}){d}){e}xor({h}{g})	1	128	0.9641198055751996	0	415	20	617	403	19	4	12	7	0.9439702137174167	0	0	1.0	0	2.8117337226867676	64500	313.8358316421509	26323	59.1891472868217	
1.0	0.6051711884314455	79.438	12.398	104.192	67.438	0.9835622481121848	{a}and(opt({c})opt({b}){d}){e}xor({h}{g})	1	129	0.9641198055751996	0	488	20	714	476	19	4	12	7	0.9439702137174167	0	0	1.0	0	2.1495509147644043	65000	315.9853825569153	26475	59.26923076923077	
1.0	0.6109104776767735	80.874	12.468	106.32	68.874	0.9835622481121848	{a}and(opt({c})opt({b}){d}){e}xor({h}{g})	1	130	0.9641198055751996	0	434	20	642	422	19	4	12	7	0.9439702137174167	0	0	1.0	0	3.0191423892974854	65500	319.00452494621277	26641	59.326717557251904	
1.0	0.6157820443959531	80.914	12.542	106.524	68.914	0.9835622481121848	{a}and(opt({c})opt({b}){d}){e}xor({h}{g})	1	131	0.9641198055751996	0	451	20	679	439	19	4	12	7	0.9439702137174167	0	0	1.0	0	2.6701557636260986	66000	321.67468070983887	26809	59.380303030303025	
1.0	0.6262297576728271	73.114	12.07	94.44	61.114	0.9835622481121848	{a}and(opt({c})opt({b}){d}){e}xor({h}{g})	1	132	0.9641198055751996	0	389	20	577	377	19	4	12	7	0.9439702137174167	0	0	1.0	0	2.336538076400757	66500	324.0112187862396	26952	59.470676691729324	
1.0	0.6165734344874586	82.184	12.594	108.446	70.184	0.9835622481121848	{a}and(opt({c})opt({b}){d}){e}xor({h}{g})	1	133	0.9641198055751996	0	494	20	747	482	19	4	12	7	0.9439702137174167	0	0	1.0	0	3.4866151809692383	67000	327.49783396720886	27122	59.51940298507463	
1.0	0.625310022009222	78.284	12.252	102.432	66.284	0.9835622481121848	{a}and(opt({c})opt({b}){d}){e}xor({h}{g})	1	134	0.9641198055751996	0	499	20	758	487	19	4	12	7	0.9439702137174167	0	0	1.0	0	2.2448086738586426	67500	329.7426426410675	27263	59.61037037037037	
1.0	0.6265562327228154	77.152	12.21	100.74	65.152	0.9835622481121848	{a}and(opt({c})opt({b}){d}){e}xor({h}{g})	1	135	0.9641198055751996	0	470	20	700	458	19	4	12	7	0.9439702137174167	0	0	1.0	0	1.7674627304077148	68000	331.5101053714752	27407	59.69558823529412	
1.0	0.6303683013922847	77.21	12.266	100.752	65.21	0.9835622481121848	{a}and(opt({c})opt({b}){d}){e}xor({h}{g})	1	136	0.9641198055751996	0	492	20	726	480	19	4	12	7	0.9439702137174167	0	0	1.0	0	1.6587717533111572	68500	333.1688771247864	27557	59.770802919708025	
1.0	0.6029270522462268	78.082	12.302	102.018	66.082	0.9835622481121848	{a}and(opt({c})opt({b}){d}){e}xor({h}{g})	1	137	0.9641198055751996	0	500	20	740	488	19	4	12	7	0.9439702137174167	0	0	1.0	0	1.6750657558441162	69000	334.8439428806305	27706	59.846376811594205	
1.0	0.6227515850919672	79.378	12.462	103.88	67.378	0.9835622481121848	{a}and(opt({c})opt({b}){d}){e}xor({h}{g})	1	138	0.9641198055751996	0	435	20	634	423	19	4	12	7	0.9439702137174167	0	0	1.0	0	2.8404273986816406	69500	337.68437027931213	27860	59.913669064748206	
1.0	0.6289280023367396	79.408	12.378	104.248	67.408	0.9835622481121848	{a}and(opt({c})opt({b}){d}){e}xor({h}{g})	1	139	0.9641198055751996	0	443	20	664	431	19	4	12	7	0.9439702137174167	0	0	1.0	0	2.2776987552642822	70000	339.9620690345764	28010	59.98571428571429	
1.0	0.6371182415419775	74.656	12.144	97.036	62.656	0.9835622481121848	{a}and(opt({c})opt({b}){d}){e}xor({h}{g})	1	140	0.9641198055751996	0	441	20	660	429	19	4	12	7	0.9439702137174167	0	0	1.0	0	2.242987871170044	70500	342.20505690574646	28147	60.07517730496454	
1.0	0.6357639556567052	74.028	12.21	95.872	62.028	0.9835622481121848	{a}and(opt({c})opt({b}){d}){e}xor({h}{g})	1	141	0.9641198055751996	0	399	20	588	387	19	4	12	7	0.9439702137174167	0	0	1.0	0	1.4255499839782715	71000	343.63060688972473	28294	60.14929577464789	
1.0	0.6355811423331543	76.362	12.362	99.556	64.362	0.9835622481121848	{a}and(opt({c})opt({b}){d}){e}xor({h}{g})	1	142	0.9641198055751996	0	414	20	618	402	19	4	12	7	0.9439702137174167	0	0	1.0	0	1.4140126705169678	71500	345.0446195602417	28447	60.213986013986016	
1.0	0.6461631012403893	77.92	12.316	102.008	65.92	0.9835622481121848	{a}and(opt({c})opt({b}){d}){e}xor({h}{g})	1	143	0.9641198055751996	0	412	20	616	400	19	4	12	7	0.9439702137174167	0	0	1.0	0	1.6567597389221191	72000	346.7013792991638	28591	60.29027777777778	
1.0	0.6077994960415043	76.022	12.346	99.036	64.022	0.9835622481121848	{a}and(opt({c})opt({b}){d}){e}xor({h}{g})	1	144	0.9641198055751996	0	460	20	686	448	19	4	12	7	0.9439702137174167	0	0	1.0	0	1.732795000076294	72500	348.4341742992401	28746	60.350344827586206	
1.0	0.5837694722943089	81.36	12.628	107.098	69.36	0.9835622481121848	{a}and(opt({c})opt({b}){d}){e}xor({h}{g})	1	145	0.9641198055751996	0	482	20	706	470	19	4	12	7	0.9439702137174167	0	0	1.0	0	1.7121303081512451	73000	350.14630460739136	28918	60.38630136986301	
1.0	0.6243138075378974	75.758	12.248	98.688	63.758	0.9835622481121848	{a}and(opt({c})opt({b}){d}){e}xor({h}{g})	1	146	0.9641198055751996	0	459	20	693	447	19	4	12	7	0.9439702137174167	0	0	1.0	0	1.3990445137023926	73500	351.54534912109375	29047	60.480272108843536	
1.0	0.62344313385182	73.196	11.998	94.644	61.196	0.9835622481121848	{a}and(opt({c})opt({b}){d}){e}xor({h}{g})	1	147	0.9641198055751996	0	404	20	601	392	19	4	12	7	0.9439702137174167	0	0	1.0	0	1.369196891784668	74000	352.9145460128784	29192	60.55135135135135	
1.0	0.6280688607072881	77.41	12.228	101.05	65.41	0.9835622481121848	{a}and(opt({c})opt({b}){d}){e}xor({h}{g})	1	148	0.9641198055751996	0	499	20	737	487	19	4	12	7	0.9439702137174167	0	0	1.0	0	1.583003044128418	74500	354.49754905700684	29338	60.62013422818792	
1.0	0.6218346888929445	75.866	12.212	98.746	63.866	0.9835622481121848	{a}and(opt({c})opt({b}){d}){e}xor({h}{g})	1	149	0.9641198055751996	0	454	20	684	442	19	4	12	7	0.9439702137174167	0	0	1.0	0	1.574432611465454	75000	356.0719816684723	29491	60.678666666666665	
1.0	0.6355166959162091	75.594	12.276	98.266	63.594	0.9835622481121848	{a}and(opt({c})opt({b}){d}){e}xor({h}{g})	1	150	0.9641198055751996	0	394	20	587	382	19	4	12	7	0.9439702137174167	0	0	1.0	0	1.8874359130859375	75500	357.9594175815582	29628	60.75761589403974	
1.0	0.6523728351975483	74.334	12.234	96.294	62.334	0.9835622481121848	{a}and(opt({c})opt({b}){d}){e}xor({h}{g})	1	151	0.9641198055751996	0	499	20	745	487	21	5	14	9	0.9439702137174167	0	0	1.0	0	1.4583640098571777	76000	359.4177815914154	29761	60.84078947368421	
1.0	0.6128587511445681	78.05	12.224	102.04	66.05	0.9835622481121848	{a}and(opt({c})opt({b}){d}){e}xor({h}{g})	1	152	0.9641198055751996	0	476	20	707	464	19	4	12	7	0.9439702137174167	0	0	1.0	0	1.7333083152770996	76500	361.1510899066925	29900	60.91503267973856	
1.0	0.6359053851347021	77.686	12.356	101.528	65.686	0.9835622481121848	{a}and(opt({c})opt({b}){d}){e}xor({h}{g})	1	153	0.9641198055751996	0	499	20	742	487	19	4	12	7	0.9439702137174167	0	0	1.0	0	1.3962571620941162	77000	362.5473470687866	30041	60.98571428571429	
1.0	0.60295643936331	76.856	12.204	100.19	64.856	0.9835622481121848	{a}and(opt({c})opt({b}){d}){e}xor({h}{g})	1	154	0.9641198055751996	0	498	20	738	486	19	4	12	7	0.9439702137174167	0	0	1.0	0	1.73768949508667	77500	364.2850365638733	30182	61.05548387096774	
1.0	0.6040037502335334	78.476	12.324	102.658	66.476	0.9835622481121848	{a}and(opt({c})opt({b}){d}){e}xor({h}{g})	1	155	0.9641198055751996	0	493	20	727	481	19	4	12	7	0.9439702137174167	0	0	1.0	0	1.645646095275879	78000	365.93068265914917	30341	61.101282051282055	
1.0	0.612105729704825	76.084	12.34	99.11	64.084	0.9835622481121848	{a}and(opt({c})opt({b}){d}){e}xor({h}{g})	1	156	0.9641198055751996	0	447	20	672	435	19	4	12	7	0.9439702137174167	0	0	1.0	0	1.6455318927764893	78500	367.57621455192566	30493	61.15541401273885	
1.0	0.638881256759659	76.58	12.208	99.784	64.58	0.9835622481121848	{a}and(opt({c})opt({b}){d}){e}xor({h}{g})	1	157	0.9641198055751996	0	459	20	688	447	19	4	12	7	0.9439702137174167	0	0	1.0	0	1.387666940689087	79000	368.96388149261475	30626	61.232911392405065	
1.0	0.6640804047292631	75.506	12.242	98.214	63.506	0.9835622481121848	{a}and(opt({c})opt({b}){d}){e}xor({h}{g})	1	158	0.9641198055751996	0	500	20	745	488	19	4	12	7	0.9439702137174167	0	0	1.0	0	1.7133307456970215	79500	370.67721223831177	30755	61.31446540880503	
1.0	0.6488438902896494	76.09	12.144	99.044	64.09	0.9835622481121848	{a}and(opt({c})opt({b}){d}){e}xor({h}{g})	1	159	0.9641198055751996	0	466	20	693	454	19	4	12	7	0.9439702137174167	0	0	1.0	0	1.6648354530334473	80000	372.3420476913452	30888	61.39	
1.0	0.6467531754619033	73.056	12.038	94.406	61.056	0.9835622481121848	{a}and(opt({c})opt({b}){d}){e}xor({h}{g})	1	160	0.9641198055751996	0	466	20	686	454	19	4	12	7	0.9439702137174167	0	0	1.0	0	1.291172742843628	80500	373.63322043418884	31029	61.45465838509317	
1.0	0.5982025668988113	76.576	12.34	99.79	64.576	0.9835622481121848	{a}and(opt({c})opt({b}){d}){e}xor({h}{g})	1	161	0.9641198055751996	0	369	20	546	357	19	4	12	7	0.9439702137174167	0	0	1.0	0	1.5891523361206055	81000	375.22237277030945	31181	61.504938271604935	
1.0	0.5886581294840793	77.0	12.102	100.384	65.0	0.9835622481121848	{a}and(opt({c})opt({b}){d}){e}xor({h}{g})	1	162	0.9641198055751996	0	497	20	739	485	19	4	12	7	0.9439702137174167	0	0	1.0	0	1.5213830471038818	81500	376.74375581741333	31336	61.55092024539877	
1.0	0.6284074597087962	76.82	12.236	100.202	64.82	0.9835622481121848	{a}and(opt({c})opt({b}){d}){e}xor({h}{g})	1	163	0.9641198055751996	0	399	20	587	387	19	4	12	7	0.9439702137174167	0	0	1.0	0	1.7397990226745605	82000	378.4835548400879	31484	61.604878048780485	
1.0	0.6173363506554477	75.532	12.294	98.266	63.532	0.9835622481121848	{a}and(opt({c})opt({b}){d}){e}xor({h}{g})	1	164	0.9641198055751996	0	481	20	712	469	19	4	12	7	0.9439702137174167	0	0	1.0	0	1.7670977115631104	82500	380.250652551651	31624	61.66787878787879	
1.0	0.6578649922985329	76.42	12.272	99.594	64.42	0.9835622481121848	{a}and(opt({c})opt({b}){d}){e}xor({h}{g})	1	165	0.9641198055751996	0	387	20	581	375	19	4	12	7	0.9439702137174167	0	0	1.0	0	1.373274564743042	83000	381.62392711639404	31751	61.74578313253012	
1.0	0.6072716479272271	78.62	12.572	102.99	66.62	0.9835622481121848	{a}and(opt({c})opt({b}){d}){e}xor({h}{g})	1	166	0.9641198055751996	0	394	20	590	382	19	4	12	7	0.9439702137174167	0	0	1.0	0	1.681328296661377	83500	383.3052554130554	31901	61.795209580838325	
1.0	0.6236131919713471	79.028	12.168	103.546	67.028	0.9835622481121848	{a}and(opt({c})opt({b}){d}){e}xor({h}{g})	1	167	0.9641198055751996	0	496	20	726	484	19	4	12	7	0.9439702137174167	0	0	1.0	0	1.836167812347412	84000	385.14142322540283	32045	61.851190476190474	
1.0	0.6185161713849857	76.696	12.556	100.066	64.696	0.9835622481121848	{a}and(opt({c})opt({b}){d}){e}xor({h}{g})	1	168	0.9641198055751996	0	450	20	669	438	19	4	12	7	0.9439702137174167	0	0	1.0	0	2.008981704711914	84500	387.15040493011475	32193	61.901775147928994	
1.0	0.6326594418664385	78.772	12.422	103.152	66.772	0.9835622481121848	{a}and(opt({c})opt({b}){d}){e}xor({h}{g})	1	169	0.9641198055751996	0	425	20	617	413	19	4	12	7	0.9439702137174167	0	0	1.0	0	1.5975775718688965	85000	388.74798250198364	32350	61.94117647058823	
1.0	0.6198260987683457	74.954	12.18	97.474	62.954	0.9835622481121848	{a}and(opt({c})opt({b}){d}){e}xor({h}{g})	1	170	0.9641198055751996	0	456	20	688	444	19	4	12	7	0.9439702137174167	0	0	1.0	0	1.7544453144073486	85500	390.502427816391	32493	61.99649122807018	
1.0	0.5822790601059016	79.502	12.518	104.152	67.502	0.9835622481121848	{a}and(opt({c})opt({b}){d}){e}xor({h}{g})	1	171	0.9641198055751996	0	456	20	667	444	19	4	12	7	0.9439702137174167	0	0	1.0	0	1.5753800868988037	86000	392.0778079032898	32654	62.03023255813954	
1.0	0.6196798488937006	78.038	12.26	101.97	66.038	0.9835622481121848	{a}and(opt({c})opt({b}){d}){e}xor({h}{g})	1	172	0.9641198055751996	0	439	20	657	427	19	4	12	7	0.9439702137174167	0	0	1.0	0	1.705735683441162	86500	393.78354358673096	32805	62.07514450867052	
1.0	0.615456425101178	78.306	12.27	102.298	66.306	0.9835622481121848	{a}and(opt({c})opt({b}){d}){e}xor({h}{g})	1	173	0.9641198055751996	0	481	20	717	469	19	4	12	7	0.9439702137174167	0	0	1.0	0	1.6352288722991943	87000	395.41877245903015	32948	62.128735632183904	
1.0	0.6427365384205327	75.858	12.11	98.738	63.858	0.9835622481121848	{a}and(opt({c})opt({b}){d}){e}xor({h}{g})	1	174	0.9641198055751996	0	500	20	743	488	19	4	12	7	0.9439702137174167	0	0	1.0	0	1.383976936340332	87500	396.8027493953705	33083	62.19085714285714	
1.0	0.6213549554343423	77.692	12.332	101.468	65.692	0.9835622481121848	{a}and(opt({c})opt({b}){d}){e}xor({h}{g})	1	175	0.9641198055751996	0	420	20	627	408	26	6	24	14	0.9439702137174167	0	0	1.0	0	1.7175955772399902	88000	398.5203449726105	33234	62.23409090909091	
1.0	0.6071609281677477	81.178	12.534	106.87	69.178	0.9835622481121848	{a}and(opt({c})opt({b}){d}){e}xor({h}{g})	1	176	0.9641198055751996	0	474	20	713	462	19	4	12	7	0.9439702137174167	0	0	1.0	0	1.5333788394927979	88500	400.05372381210327	33392	62.268926553672316	
1.0	0.5939155571294795	78.87	12.454	103.322	66.87	0.9835622481121848	{a}and(opt({c})opt({b}){d}){e}xor({h}{g})	1	177	0.9641198055751996	0	492	20	732	480	19	4	12	7	0.9439702137174167	0	0	1.0	0	1.987274169921875	89000	402.04099798202515	33549	62.304494382022476	
1.0	0.6359112548726181	78.27	12.26	102.456	66.27	0.9835622481121848	{a}and(opt({c})opt({b}){d}){e}xor({h}{g})	1	178	0.9641198055751996	0	455	20	682	443	21	5	14	9	0.9439702137174167	0	0	1.0	0	1.939681053161621	89500	403.98067903518677	33683	62.365363128491616	
1.0	0.6216592109023713	76.558	12.39	99.9	64.558	0.9835622481121848	{a}and(opt({c})opt({b}){d}){e}xor({h}{g})	1	179	0.9641198055751996	0	415	20	607	403	19	4	12	7	0.9439702137174167	0	0	1.0	0	1.6850898265838623	90000	405.66576886177063	33845	62.394444444444446	
1.0	0.6016456209393065	79.168	12.522	103.846	67.168	0.9835622481121848	{a}and(opt({c})opt({b}){d}){e}xor({h}{g})	1	180	0.9641198055751996	0	465	20	700	453	21	5	14	9	0.9439702137174167	0	0	1.0	0	2.006756067276001	90500	407.67252492904663	33997	62.43425414364641	
1.0	0.6446492389897958	76.06	12.132	99.114	64.06	0.9835622481121848	{a}and(opt({c})opt({b}){d}){e}xor({h}{g})	1	181	0.9641198055751996	0	498	20	738	486	19	4	12	7	0.9439702137174167	0	0	1.0	0	1.6603708267211914	91000	409.3328957557678	34132	62.49230769230769	
1.0	0.6442859978783556	77.794	12.234	101.622	65.794	0.9835622481121848	{a}and(opt({c})opt({b}){d}){e}xor({h}{g})	1	182	0.9641198055751996	0	496	20	742	484	19	4	12	7	0.9439702137174167	0	0	1.0	0	1.4301691055297852	91500	410.7630648612976	34270	62.54644808743169	
1.0	0.610391295005589	78.236	12.4	102.336	66.236	0.9835622481121848	{a}and(opt({c})opt({b}){d}){e}xor({h}{g})	1	183	0.9641198055751996	0	441	20	649	429	19	4	12	7	0.9439702137174167	0	0	1.0	0	2.10642147064209	92000	412.8694863319397	34416	62.59130434782609	
1.0	0.6085011368086733	76.858	12.194	100.182	64.858	0.9835622481121848	{a}and(opt({c})opt({b}){d}){e}xor({h}{g})	1	184	0.9641198055751996	0	491	20	736	479	19	4	12	7	0.9439702137174167	0	0	1.0	0	1.5967869758605957	92500	414.4662733078003	34555	62.64324324324324	
1.0	0.6038761900210379	79.698	12.558	104.65	67.698	0.9835622481121848	{a}and(opt({c})opt({b}){d}){e}xor({h}{g})	1	185	0.9641198055751996	0	458	20	694	446	19	4	12	7	0.9439702137174167	0	0	1.0	0	1.8058974742889404	93000	416.27217078208923	34708	62.67956989247312	
1.0	0.6149998111640915	75.452	12.162	98.08	63.452	0.9835622481121848	{a}and(opt({c})opt({b}){d}){e}xor({h}{g})	1	186	0.9641198055751996	0	432	20	646	420	19	4	12	7	0.9439702137174167	0	0	1.0	0	1.6152966022491455	93500	417.8874673843384	34849	62.7283422459893	
1.0	0.5943229722661155	78.054	12.442	102.086	66.054	0.9835622481121848	{a}and(opt({c})opt({b}){d}){e}xor({h}{g})	1	187	0.9641198055751996	0	440	20	662	428	19	4	12	7	0.9439702137174167	0	0	1.0	0	1.5303239822387695	94000	419.41779136657715	35001	62.76489361702128	
1.0	0.6244380274208962	77.788	12.21	101.526	65.788	0.9835622481121848	{a}and(opt({c})opt({b}){d}){e}xor({h}{g})	1	188	0.9641198055751996	0	490	20	724	478	19	4	12	7	0.9439702137174167	0	0	1.0	0	1.6904432773590088	94500	421.10823464393616	35131	62.82433862433863	
1.0	0.6485772578578178	73.958	12.19	95.82	61.958	0.9835622481121848	{a}and(opt({c})opt({b}){d}){e}xor({h}{g})	1	189	0.9641198055751996	0	423	20	627	411	21	5	14	9	0.9439702137174167	0	0	1.0	0	1.7223145961761475	95000	422.8305492401123	35263	62.881052631578946	
1.0	0.6398293267311904	76.17	12.2	99.118	64.17	0.9835622481121848	{a}and(opt({c})opt({b}){d}){e}xor({h}{g})	1	190	0.9641198055751996	0	495	20	728	483	22	5	16	10	0.9439702137174167	0	0	1.0	0	1.5281405448913574	95500	424.35868978500366	35401	62.93089005235602	
1.0	0.5904093736361498	78.024	12.352	102.25	66.024	0.9835622481121848	{a}and(opt({c})opt({b}){d}){e}xor({h}{g})	1	191	0.9641198055751996	0	438	20	652	426	19	4	12	7	0.9439702137174167	0	0	1.0	0	1.7355666160583496	96000	426.094256401062	35554	62.96458333333334	
1.0	0.6464910789779691	78.068	12.184	101.864	66.068	0.9835622481121848	{a}and(opt({c})opt({b}){d}){e}xor({h}{g})	1	192	0.9641198055751996	0	480	20	705	468	21	5	14	9	0.9439702137174167	0	0	1.0	0	1.891510009765625	96500	427.98576641082764	35683	63.02279792746114	
1.0	0.6094288105211162	78.866	12.378	103.32	66.866	0.9835622481121848	{a}and(opt({c})opt({b}){d}){e}xor({h}{g})	1	193	0.9641198055751996	0	458	20	676	446	19	4	12	7	0.9439702137174167	0	0	1.0	0	1.9461967945098877	97000	429.9319632053375	35834	63.057731958762886	
1.0	0.6253120195378761	79.05	12.262	103.696	67.05	0.9835622481121848	{a}and(opt({c})opt({b}){d}){e}xor({h}{g})	1	194	0.9641198055751996	0	444	20	668	432	19	4	12	7	0.9439702137174167	0	0	1.0	0	1.8128712177276611	97500	431.7448344230652	35979	63.098461538461535	
1.0	0.6414817523904539	77.244	12.296	100.762	65.244	0.9835622481121848	{a}and(opt({c})opt({b}){d}){e}xor({h}{g})	1	195	0.9641198055751996	0	483	20	715	471	21	5	14	9	0.9439702137174167	0	0	1.0	0	1.5865607261657715	98000	433.33139514923096	36122	63.14081632653061	
1.0	0.6047348930128738	78.314	12.326	102.384	66.314	0.9835622481121848	{a}and(opt({c})opt({b}){d}){e}xor({h}{g})	1	196	0.9641198055751996	0	427	20	642	415	19	4	12	7	0.9439702137174167	0	0	1.0	0	1.7579634189605713	98500	435.0893585681915	36260	63.18781725888325	
1.0	0.6018745245773598	79.44	12.358	104.17	67.44	0.9835622481121848	{a}and(opt({c})opt({b}){d}){e}xor({h}{g})	1	197	0.9641198055751996	0	482	20	711	470	19	4	12	7	0.9439702137174167	0	0	1.0	0	1.7116796970367432	99000	436.80103826522827	36399	63.233333333333334	
1.0	0.6284121850575696	75.678	12.224	98.408	63.678	0.9835622481121848	{a}and(opt({c})opt({b}){d}){e}xor({h}{g})	1	198	0.9641198055751996	0	439	20	655	427	19	4	12	7	0.9439702137174167	0	0	1.0	0	1.9586739540100098	99500	438.7597122192383	36531	63.28542713567839	
1.0	0.6258452946937392	79.076	12.372	103.706	67.076	0.9835622481121848	{a}and(opt({c})opt({b}){d}){e}xor({h}{g})	1	199	0.9641198055751996	0	498	20	743	486	19	4	12	7	0.9439702137174167	0	0	1.0	0	1.717756748199463	100000	440.47746896743774	36674	63.326	
1.0	0.6409104453327215	75.186	12.012	97.774	63.186	0.9835622481121848	{a}and(opt({c})opt({b}){d}){e}xor({h}{g})	1	200	0.9641198055751996	0	441	20	663	429	19	4	12	7	0.9439702137174167	0	0	1.0	0	1.5155267715454102	100500	441.99299573898315	36797	63.386069651741295	
1.0	0.6046404938256206	79.554	12.446	104.346	67.554	0.9835622481121848	{a}and(opt({c})opt({b}){d}){e}xor({h}{g})	1	201	0.9641198055751996	0	489	20	726	477	21	5	14	9	0.9439702137174167	0	0	1.0	0	2.4188942909240723	101000	444.4118900299072	36946	63.419801980198024	
1.0	0.5953518805550958	80.684	12.634	106.02	68.684	0.9835622481121848	{a}and(opt({c})opt({b}){d}){e}xor({h}{g})	1	202	0.9641198055751996	0	426	20	629	414	19	4	12	7	0.9439702137174167	0	0	1.0	0	1.683243751525879	101500	446.0951337814331	37106	63.44236453201971	
1.0	0.6098411862094728	80.876	12.464	106.344	68.876	0.9835622481121848	{a}and(opt({c})opt({b}){d}){e}xor({h}{g})	1	203	0.9641198055751996	0	430	20	628	418	19	4	12	7	0.9439702137174167	0	0	1.0	0	1.6689116954803467	102000	447.76404547691345	37254	63.476470588235294	
1.0	0.64653855994853	75.986	12.33	98.986	63.986	0.9835622481121848	{a}and(opt({c})opt({b}){d}){e}xor({h}{g})	1	204	0.9641198055751996	0	389	20	567	377	19	4	12	7	0.9439702137174167	0	0	1.0	0	1.7453203201293945	102500	449.50936579704285	37393	63.5190243902439	
1.0	0.6369513000112544	76.652	12.23	100.034	64.652	0.9835622481121848	{a}and(opt({c})opt({b}){d}){e}xor({h}{g})	1	205	0.9641198055751996	0	427	20	642	415	19	4	12	7	0.9439702137174167	0	0	1.0	0	3.8936874866485596	103000	453.4030532836914	37535	63.55825242718446	
1.0	0.6274794942169217	77.23	12.206	100.818	65.23	0.9835622481121848	{a}and(opt({c})opt({b}){d}){e}xor({h}{g})	1	206	0.9641198055751996	0	425	20	635	413	19	4	12	7	0.9439702137174167	0	0	1.0	0	2.3250327110290527	103500	455.72808599472046	37669	63.604830917874395	
1.0	0.6276904317188149	75.674	12.084	98.486	63.674	0.9835622481121848	{a}and(opt({c})opt({b}){d}){e}xor({h}{g})	1	207	0.9641198055751996	0	490	20	732	478	19	4	12	7	0.9439702137174167	0	0	1.0	0	2.0153820514678955	104000	457.74346804618835	37800	63.65384615384615	
1.0	0.6187467539809401	77.872	12.256	101.726	65.872	0.9835622481121848	{a}and(opt({c})opt({b}){d}){e}xor({h}{g})	1	208	0.9641198055751996	0	474	20	713	462	19	4	12	7	0.9439702137174167	0	0	1.0	0	1.9685983657836914	104500	459.71206641197205	37943	63.690909090909095	
1.0	0.6192515382903642	79.322	12.39	103.994	67.322	0.9835622481121848	{a}and(opt({c})opt({b}){d}){e}xor({h}{g})	1	209	0.9641198055751996	0	401	20	600	389	19	4	12	7	0.9439702137174167	0	0	1.0	0	1.6849324703216553	105000	461.3969988822937	38076	63.73714285714286	
1.0	0.622277245410033	80.632	12.574	106.22	68.632	0.9835622481121848	{a}and(opt({c})opt({b}){d}){e}xor({h}{g})	1	210	0.9641198055751996	0	449	20	675	437	19	4	12	7	0.9439702137174167	0	0	1.0	0	1.7967135906219482	105500	463.19371247291565	38224	63.76872037914692	
1.0	0.6082444635847198	74.378	12.338	96.51	62.378	0.9835622481121848	{a}and(opt({c})opt({b}){d}){e}xor({h}{g})	1	211	0.9641198055751996	0	494	20	745	482	19	4	12	7	0.9439702137174167	0	0	1.0	0	1.6024692058563232	106000	464.796181678772	38371	63.800943396226415	
1.0	0.6135638561923159	76.484	12.294	99.74	64.484	0.9835622481121848	{a}and(opt({c})opt({b}){d}){e}xor({h}{g})	1	212	0.9641198055751996	0	496	20	752	484	19	4	12	7	0.9439702137174167	0	0	1.0	0	1.2915127277374268	106500	466.0876944065094	38501	63.84882629107981	
1.0	0.6309173131892639	76.238	12.186	99.314	64.238	0.9835622481121848	{a}and(opt({c})opt({b}){d}){e}xor({h}{g})	1	213	0.9641198055751996	0	496	20	730	484	19	4	12	7	0.9439702137174167	0	0	1.0	0	1.5579807758331299	107000	467.64567518234253	38631	63.89626168224299	
1.0	0.5913645902470666	78.47	12.348	102.834	66.47	0.9835622481121848	{a}and(opt({c})opt({b}){d}){e}xor({h}{g})	1	214	0.9641198055751996	0	447	20	682	435	19	4	12	7	0.9439702137174167	0	0	1.0	0	1.6360499858856201	107500	469.28172516822815	38787	63.91906976744186	
1.0	0.622051255397762	78.9	12.48	103.302	66.9	0.9835622481121848	{a}and(opt({c})opt({b}){d}){e}xor({h}{g})	1	215	0.9641198055751996	0	494	20	734	482	19	4	12	7	0.9439702137174167	0	0	1.0	0	1.5246453285217285	108000	470.8063704967499	38942	63.9425925925926	
1.0	0.6310788083560495	78.228	12.276	102.312	66.228	0.9835622481121848	{a}and(opt({c})opt({b}){d}){e}xor({h}{g})	1	216	0.9641198055751996	0	496	20	744	484	19	4	12	7	0.9439702137174167	0	0	1.0	0	1.9589834213256836	108500	472.76535391807556	39078	63.98341013824885	
1.0	0.6377053515619794	77.904	12.304	101.838	65.904	0.9835622481121848	{a}and(opt({c})opt({b}){d}){e}xor({h}{g})	1	217	0.9641198055751996	0	454	20	683	442	19	4	12	7	0.9439702137174167	0	0	1.0	0	1.939608097076416	109000	474.704962015152	39218	64.02018348623852	
1.0	0.6498038920893621	79.46	12.388	104.368	67.46	0.9835622481121848	{a}and(opt({c})opt({b}){d}){e}xor({h}{g})	1	218	0.9641198055751996	0	418	20	629	406	19	4	12	7	0.9439702137174167	0	0	1.0	0	1.7653717994689941	109500	476.470333814621	39357	64.05753424657534	
1.0	0.6177001363969736	73.594	12.174	95.168	61.594	0.9835622481121848	{a}and(opt({c})opt({b}){d}){e}xor({h}{g})	1	219	0.9641198055751996	0	438	20	643	426	19	4	12	7	0.9439702137174167	0	0	1.0	0	1.4146826267242432	110000	477.8850164413452	39498	64.09272727272727	
1.0	0.6021601328434313	81.87	12.554	107.89	69.87	0.9835622481121848	{a}and(opt({c})opt({b}){d}){e}xor({h}{g})	1	220	0.9641198055751996	0	496	20	746	484	19	4	12	7	0.9439702137174167	0	0	1.0	0	1.7451503276824951	110500	479.6301667690277	39641	64.12579185520362	
1.0	0.5876362898013945	77.726	12.352	101.552	65.726	0.9835622481121848	{a}and(opt({c})opt({b}){d}){e}xor({h}{g})	1	221	0.9641198055751996	0	499	20	738	487	19	4	12	7	0.9439702137174167	0	0	1.0	0	1.4729392528533936	111000	481.1031060218811	39795	64.14864864864865	
1.0	0.6032211509992258	75.806	12.038	98.6	63.806	0.9835622481121848	{a}and(opt({c})opt({b}){d}){e}xor({h}{g})	1	222	0.9641198055751996	0	493	20	730	481	19	4	12	7	0.9439702137174167	0	0	1.0	0	2.100051164627075	111500	483.2031571865082	39931	64.18744394618834	
1.0	0.6088736635006232	78.826	12.452	103.234	66.826	0.9835622481121848	{a}and(opt({c})opt({b}){d}){e}xor({h}{g})	1	223	0.9641198055751996	0	468	20	688	456	19	4	12	7	0.9439702137174167	0	0	1.0	0	1.4799959659576416	112000	484.6831531524658	40081	64.21339285714285	
1.0	0.58003042550521	82.074	12.56	108.162	70.074	0.9835622481121848	{a}and(opt({c})opt({b}){d}){e}xor({h}{g})	1	224	0.9641198055751996	0	479	20	696	467	19	4	12	7	0.9439702137174167	0	0	1.0	0	1.9465556144714355	112500	486.62970876693726	40229	64.24088888888889	
1.0	0.6010531095555705	78.232	12.432	102.326	66.232	0.9835622481121848	{a}and(opt({c})opt({b}){d}){e}xor({h}{g})	1	225	0.9641198055751996	0	485	20	717	473	26	6	24	14	0.9439702137174167	0	0	1.0	0	1.6998441219329834	113000	488.32955288887024	40370	64.27433628318585	
1.0	0.6097154792324576	77.292	12.396	100.806	65.292	0.9835622481121848	{a}and(opt({c})opt({b}){d}){e}xor({h}{g})	1	226	0.9641198055751996	0	451	20	676	439	19	4	12	7	0.9439702137174167	0	0	1.0	0	1.4875738620758057	113500	489.81712675094604	40514	64.30484581497797	
1.0	0.610580967318715	78.134	12.562	102.368	66.134	0.9835622481121848	{a}and(opt({c})opt({b}){d}){e}xor({h}{g})	1	227	0.9641198055751996	0	416	20	623	404	19	4	12	7	0.9439702137174167	0	0	1.0	0	1.41605806350708	114000	491.2331848144531	40669	64.32543859649124	
1.0	0.631469061009421	74.31	12.232	96.604	62.31	0.9835622481121848	{a}and(opt({c})opt({b}){d}){e}xor({h}{g})	1	228	0.9641198055751996	0	347	20	523	335	19	4	12	7	0.9439702137174167	0	0	1.0	0	3.0293784141540527	114500	494.2625632286072	40796	64.37030567685589	
1.0	0.6040461581141198	77.634	12.326	101.62	65.634	0.9835622481121848	{a}and(opt({c})opt({b}){d}){e}xor({h}{g})	1	229	0.9641198055751996	0	485	20	730	473	19	4	12	7	0.9439702137174167	0	0	1.0	0	3.281162738800049	115000	497.5437259674072	40935	64.40434782608696	
1.0	0.6005619878112134	81.576	12.434	107.45	69.576	0.9835622481121848	{a}and(opt({c})opt({b}){d}){e}xor({h}{g})	1	230	0.9641198055751996	0	463	20	697	451	19	4	12	7	0.9439702137174167	0	0	1.0	0	1.844022274017334	115500	499.38774824142456	41090	64.42424242424242	
1.0	0.6148353677209559	76.618	12.352	100.032	64.618	0.9835622481121848	{a}and(opt({c})opt({b}){d}){e}xor({h}{g})	1	231	0.9641198055751996	0	430	20	637	418	26	6	24	14	0.9439702137174167	0	0	1.0	0	1.4088234901428223	116000	500.7965717315674	41238	64.45	
1.0	0.601227549748453	81.064	12.588	106.71	69.064	0.9835622481121848	{a}and(opt({c})opt({b}){d}){e}xor({h}{g})	1	232	0.9641198055751996	0	428	20	640	416	19	4	12	7	0.9439702137174167	0	0	1.0	0	1.9697918891906738	116500	502.76636362075806	41384	64.47725321888412	
1.0	0.6019777705373422	81.594	12.586	107.42	69.594	0.9835622481121898	{a}and(opt({c}{b}){d}){e}xor({h}{g})	1	233	0.9641198055751996	0	497	20	746	485	32	7	30	20	0.9439702137174167	0	0	1.0	0	1.4350190162658691	117000	504.2013826370239	41537	64.4982905982906	
1.0	0.6131221872268428	76.686	12.336	99.918	64.686	0.9835622481121898	{a}and(opt({c}{b}){d}){e}xor({h}{g})	1	234	0.9641198055751996	0	402	20	593	390	19	4	12	7	0.9439702137174167	0	0	1.0	0	1.894561529159546	117500	506.0959441661835	41703	64.50808510638298	
1.0	0.624967472874862	75.654	12.294	98.234	63.654	0.9835622481121898	{a}and(opt({c}{b}){d}){e}xor({h}{g})	1	235	0.9641198055751996	0	464	20	696	452	19	4	12	7	0.9439702137174167	0	0	1.0	0	1.5859808921813965	118000	507.68192505836487	41863	64.52288135593221	
1.0	0.6057845441236434	74.896	12.412	96.752	62.896	0.9835622481121898	{a}and(opt({c}{b}){d}){e}xor({h}{g})	1	236	0.9641198055751996	0	325	20	482	313	19	4	12	7	0.9439702137174167	0	0	1.0	0	1.887721061706543	118500	509.5696461200714	42053	64.51223628691983	
1.0	0.5828112791641907	73.314	12.066	93.74	61.314	0.9960133117305418	{a}and(xor({c}{b}){d}){e}xor({h}{g})	1	237	0.9641198055751996	0	458	20	693	446	19	4	12	7	1.0	0	0	1.0	0	2.0819334983825684	119000	511.651579618454	42267	64.48151260504201	
1.0	0.5880996677225475	69.462	11.864	87.514	57.462	0.9960133117305418	{a}and(xor({c}{b}){d}){e}xor({h}{g})	1	238	0.9641198055751996	0	479	20	693	467	19	4	12	7	1.0	0	0	1.0	0	1.4954829216003418	119500	513.1470625400543	42478	64.45355648535565	
1.0	0.5929441918005397	70.754	12.05	89.358	58.754	0.9960133117305418	{a}and(xor({c}{b}){d}){e}xor({h}{g})	1	239	0.9641198055751996	0	453	20	689	441	19	4	12	7	1.0	0	0	1.0	0	1.956552267074585	120000	515.1036148071289	42707	64.41083333333333	
1.0	0.5788284783031351	73.65	12.356	93.904	61.65	0.9960133117305418	{a}and(xor({c}{b}){d}){e}xor({h}{g})	1	240	0.9641198055751996	0	484	20	707	472	19	4	12	7	1.0	0	0	1.0	0	1.8946897983551025	120500	516.998304605484	42929	64.37427385892116	
1.0	0.6031675629958831	70.21	12.126	88.686	58.21	0.9960133117305418	{a}and(xor({c}{b}){d}){e}xor({h}{g})	1	241	0.9641198055751996	0	421	20	629	409	19	4	12	7	1.0	0	0	1.0	0	1.7675435543060303	121000	518.76584815979	43118	64.36528925619835	
1.0	0.59204540026524	69.838	11.866	88.094	57.838	0.9960133117305418	{a}and(xor({c}{b}){d}){e}xor({h}{g})	1	242	0.9641198055751996	0	465	20	703	453	21	5	14	9	1.0	0	0	1.0	0	2.1406753063201904	121500	520.9065234661102	43300	64.36213991769547	
1.0	0.5784960288985046	69.25	12.034	87.328	57.25	0.9960133117305418	{a}and(xor({c}{b}){d}){e}xor({h}{g})	1	243	0.9641198055751996	0	414	20	619	402	19	4	12	7	1.0	0	0	1.0	0	1.726020097732544	122000	522.6325435638428	43494	64.34918032786885	
1.0	0.5736976656409201	70.386	12.112	89.026	58.386	0.9960133117305418	{a}and(xor({c}{b}){d}){e}xor({h}{g})	1	244	0.9641198055751996	0	495	20	741	483	19	4	12	7	1.0	0	0	1.0	0	1.956824779510498	122500	524.5893683433533	43681	64.34204081632653	
1.0	0.5877035413603463	68.102	11.998	85.446	56.102	0.9960133117305418	{a}and(xor({c}{b}){d}){e}xor({h}{g})	1	245	0.9641198055751996	0	497	20	744	485	19	4	12	7	1.0	0	0	1.0	0	3.140819549560547	123000	527.7301878929138	43867	64.33577235772358	
1.0	0.6011469468617264	74.14	12.172	94.67	62.14	0.9960133117305418	{a}and(xor({c}{b}){d}){e}xor({h}{g})	1	246	0.9641198055751996	0	497	20	738	485	26	6	24	14	1.0	0	0	1.0	0	2.3546221256256104	123500	530.0848100185394	44045	64.33603238866397	
1.0	0.5630851345584292	69.388	11.92	87.358	57.388	0.9960133117305418	{a}and(xor({c}{b}){d}){e}xor({h}{g})	1	247	0.9641198055751996	0	464	20	686	452	19	4	12	7	1.0	0	0	1.0	0	2.032414436340332	124000	532.1172244548798	44220	64.33870967741936	
1.0	0.594567276971733	68.806	12.114	86.476	56.806	0.9960133117305418	{a}and(xor({c}{b}){d}){e}xor({h}{g})	1	248	0.9641198055751996	0	478	20	722	466	19	4	12	7	1.0	0	0	1.0	0	1.7736501693725586	124500	533.8908746242523	44394	64.3421686746988	
1.0	0.5580564782975063	74.878	12.33	95.776	62.878	0.9960133117305418	{a}and(xor({c}{b}){d}){e}xor({h}{g})	1	249	0.9641198055751996	0	488	20	721	476	21	5	14	9	1.0	0	0	1.0	0	2.3761322498321533	125000	536.2670068740845	44574	64.3408	
1.0	0.593120344729846	70.84	12.038	89.662	58.84	0.9960133117305418	{a}and(xor({c}{b}){d}){e}xor({h}{g})	1	250	0.9641198055751996	0	479	20	716	467	19	4	12	7	1.0	0	0	1.0	0	1.4013404846191406	125500	537.6683473587036	44731	64.35776892430279	
1.0	0.5723890769554095	72.72	12.14	92.564	60.72	0.9960133117305418	{a}and(xor({c}{b}){d}){e}xor({h}{g})	1	251	0.9641198055751996	0	472	20	703	460	19	4	12	7	1.0	0	0	1.0	0	2.270005702972412	126000	539.938353061676	44908	64.35873015873017	
1.0	0.5937172638051229	70.64	12.07	89.276	58.64	0.9960133117305418	{a}and(xor({c}{b}){d}){e}xor({h}{g})	1	252	0.9641198055751996	0	425	20	633	413	19	4	12	7	1.0	0	0	1.0	0	1.90476393699646	126500	541.8431169986725	45070	64.37154150197628	
1.0	0.5660582597009937	69.86	12.152	88.168	57.86	0.9960133117305418	{a}and(xor({c}{b}){d}){e}xor({h}{g})	1	253	0.9641198055751996	0	407	20	603	395	19	4	12	7	1.0	0	0	1.0	0	1.4595491886138916	127000	543.3026661872864	45246	64.3732283464567	
1.0	0.584826423385263	72.104	12.122	91.462	60.104	0.9960133117305418	{a}and(xor({c}{b}){d}){e}xor({h}{g})	1	254	0.9641198055751996	0	491	20	727	479	19	4	12	7	1.0	0	0	1.0	0	1.9028337001800537	127500	545.2054998874664	45411	64.3835294117647	
1.0	0.5609364902347366	73.106	12.008	93.092	61.106	0.9960133117305418	{a}and(xor({c}{b}){d}){e}xor({h}{g})	1	255	0.9641198055751996	0	481	20	731	469	19	4	12	7	1.0	0	0	1.0	0	1.7362053394317627	128000	546.9417052268982	45563	64.40390625	
1.0	0.569374229098316	75.88	12.42	97.304	63.88	0.9960133117305418	{a}and(xor({c}{b}){d}){e}xor({h}{g})	1	256	0.9641198055751996	0	478	20	710	466	21	5	14	9	1.0	0	0	1.0	0	1.8738467693328857	128500	548.8155519962311	45747	64.39922178988327	
1.0	0.5780105624492182	73.604	12.294	93.848	61.604	0.9960133117305418	{a}and(xor({c}{b}){d}){e}xor({h}{g})	1	257	0.9641198055751996	0	425	20	632	413	19	4	12	7	1.0	0	0	1.0	0	1.5798218250274658	129000	550.3953738212585	45925	64.39922480620154	
1.0	0.5864876455200072	72.454	12.164	92.108	60.454	0.9960133117305418	{a}and(xor({c}{b}){d}){e}xor({h}{g})	1	258	0.9641198055751996	0	456	20	684	444	19	4	12	7	1.0	0	0	1.0	0	1.4911868572235107	129500	551.886560678482	46099	64.4023166023166	
1.0	0.57934833445237	70.328	12.158	88.988	58.328	0.9960133117305418	{a}and(xor({c}{b}){d}){e}xor({h}{g})	1	259	0.9641198055751996	0	464	20	698	452	26	5	20	14	1.0	0	0	1.0	0	1.6467649936676025	130000	553.5333256721497	46268	64.40923076923076	
1.0	0.5680673634795902	67.602	11.742	84.664	55.602	0.9960133117305418	{a}and(xor({c}{b}){d}){e}xor({h}{g})	1	260	0.9641198055751996	0	463	20	678	451	19	4	12	7	1.0	0	0	1.0	0	1.3069994449615479	130500	554.8403251171112	46436	64.4168582375479	
1.0	0.6055849175369091	68.464	12.0	85.948	56.464	0.9960133117305418	{a}and(xor({c}{b}){d}){e}xor({h}{g})	1	261	0.9641198055751996	0	462	20	677	450	19	4	12	7	1.0	0	0	1.0	0	1.5342283248901367	131000	556.3745534420013	46591	64.43435114503816	
1.0	0.5808688966371777	70.358	12.14	88.958	58.358	0.9960133117305418	{a}and(xor({c}{b}){d}){e}xor({h}{g})	1	262	0.9641198055751996	0	497	20	747	485	19	4	12	7	1.0	0	0	1.0	0	1.344449758529663	131500	557.719003200531	46750	64.44866920152091	
1.0	0.5857607505802127	69.294	12.048	87.236	57.294	0.9960133117305418	{a}and(xor({c}{b}){d}){e}xor({h}{g})	1	263	0.9641198055751996	0	465	20	696	453	19	4	12	7	1.0	0	0	1.0	0	1.6638472080230713	132000	559.3828504085541	46910	64.46212121212122	
1.0	0.5800670568515928	71.894	12.254	91.246	59.894	0.9960133117305418	{a}and(xor({c}{b}){d}){e}xor({h}{g})	1	264	0.9641198055751996	0	423	20	616	411	19	4	12	7	1.0	0	0	1.0	0	1.3150193691253662	132500	560.6978697776794	47075	64.47169811320755	
1.0	0.5762764477119374	71.684	12.13	90.794	59.684	0.9960133117305418	{a}and(xor({c}{b}){d}){e}xor({h}{g})	1	265	0.9641198055751996	0	492	20	712	480	19	4	12	7	1.0	0	0	1.0	0	1.9570763111114502	133000	562.6549460887909	47212	64.50225563909774	
1.0	0.5654286420876801	72.784	12.156	92.606	60.784	0.9960133117305418	{a}and(xor({c}{b}){d}){e}xor({h}{g})	1	266	0.9641198055751996	0	468	20	692	456	19	4	12	7	1.0	0	0	1.0	0	1.8352808952331543	133500	564.490226984024	47380	64.50936329588015	
1.0	0.5344481933972687	73.094	12.438	93.066	61.094	0.9960133117305418	{a}and(xor({c}{b}){d}){e}xor({h}{g})	1	267	0.9641198055751996	0	426	20	632	414	19	4	12	7	1.0	0	0	1.0	0	1.5671088695526123	134000	566.0573358535767	47563	64.50522388059701	
1.0	0.5887266814586415	70.99	12.02	89.946	58.99	0.9960133117305418	{a}and(xor({c}{b}){d}){e}xor({h}{g})	1	268	0.9641198055751996	0	468	20	691	456	19	4	12	7	1.0	0	0	1.0	0	1.4280049800872803	134500	567.4853408336639	47722	64.5189591078067	
1.0	0.5752044285382065	70.906	12.194	89.728	58.906	0.9960133117305418	{a}and(xor({c}{b}){d}){e}xor({h}{g})	1	269	0.9641198055751996	0	496	20	744	484	19	4	12	7	1.0	0	0	1.0	0	1.5131258964538574	135000	568.9984667301178	47878	64.53481481481481	
1.0	0.5709229518319885	71.506	12.002	90.636	59.506	0.9960133117305418	{a}and(xor({c}{b}){d}){e}xor({h}{g})	1	270	0.9641198055751996	0	471	20	689	459	19	4	12	7	1.0	0	0	1.0	0	1.322594404220581	135500	570.3210611343384	48030	64.55350553505535	
1.0	0.5583792263785763	73.076	12.426	92.986	61.076	0.9960133117305418	{a}and(xor({c}{b}){d}){e}xor({h}{g})	1	271	0.9641198055751996	0	471	20	692	459	19	4	12	7	1.0	0	0	1.0	0	2.118135452270508	136000	572.4391965866089	48201	64.55808823529412	
1.0	0.5967893818203074	68.154	12.086	85.534	56.154	0.9960133117305418	{a}and(xor({c}{b}){d}){e}xor({h}{g})	1	272	0.9641198055751996	0	399	20	584	387	19	4	12	7	1.0	0	0	1.0	0	1.4639654159545898	136500	573.9031620025635	48352	64.57728937728938	
1.0	0.6069665523035749	66.994	11.928	83.796	54.994	0.9960133117305418	{a}and(xor({c}{b}){d}){e}xor({h}{g})	1	273	0.9641198055751996	0	346	20	510	334	19	4	12	7	1.0	0	0	1.0	0	1.292698860168457	137000	575.1958608627319	48497	64.60072992700731	
1.0	0.5732422813391507	70.786	12.094	89.596	58.786	0.9960133117305418	{a}and(xor({c}{b}){d}){e}xor({h}{g})	1	274	0.9641198055751996	0	387	20	574	375	19	4	12	7	1.0	0	0	1.0	0	1.254274606704712	137500	576.4501354694366	48673	64.60145454545454	
1.0	0.5986432827642794	74.3	12.246	94.988	62.3	0.9960133117305418	{a}and(xor({c}{b}){d}){e}xor({h}{g})	1	275	0.9641198055751996	0	465	20	692	453	19	4	12	7	1.0	0	0	1.0	0	1.6543166637420654	138000	578.1044521331787	48836	64.61159420289854	
1.0	0.5849179977723826	71.85	12.236	91.268	59.85	0.9960133117305418	{a}and(xor({c}{b}){d}){e}xor({h}{g})	1	276	0.9641198055751996	0	435	20	641	423	19	4	12	7	1.0	0	0	1.0	0	1.615973949432373	138500	579.7204260826111	48994	64.62527075812275	
1.0	0.5914249348856313	71.534	11.866	90.74	59.534	0.9960133117305418	{a}and(xor({c}{b}){d}){e}xor({h}{g})	1	277	0.9641198055751996	0	494	20	740	482	19	4	12	7	1.0	0	0	1.0	0	2.537830114364624	139000	582.2582561969757	49140	64.64748201438849	
1.0	0.6075742155943937	76.196	12.376	97.826	64.196	0.9960133117305418	{a}and(xor({c}{b}){d}){e}xor({h}{g})	1	278	0.9641198055751996	0	413	20	615	401	31	7	30	19	1.0	0	0	1.0	0	1.5197319984436035	139500	583.7779881954193	49312	64.65089605734767	
1.0	0.5845450417998428	71.936	12.222	91.242	59.936	0.9960133117305418	{a}and(xor({c}{b}){d}){e}xor({h}{g})	1	279	0.9641198055751996	0	492	20	741	480	19	4	12	7	1.0	0	0	1.0	0	1.255840539932251	140000	585.0338287353516	49475	64.66071428571428	
1.0	0.6021027483394564	73.122	12.208	93.258	61.122	0.9960133117305418	{a}and(xor({c}{b}){d}){e}xor({h}{g})	1	280	0.9641198055751996	0	489	20	716	477	32	7	30	20	1.0	0	0	1.0	0	1.7450706958770752	140500	586.7788994312286	49622	64.68185053380782	
1.0	0.5968703063544227	69.76	11.984	88.038	57.76	0.9960133117305418	{a}and(xor({c}{b}){d}){e}xor({h}{g})	1	281	0.9641198055751996	0	409	20	603	397	19	4	12	7	1.0	0	0	1.0	0	1.4954850673675537	141000	588.2743844985962	49765	64.70567375886526	
1.0	0.5934231011857212	73.772	12.318	94.13	61.772	0.9960133117305418	{a}and(xor({c}{b}){d}){e}xor({h}{g})	1	282	0.9641198055751996	0	480	20	709	468	19	4	12	7	1.0	0	0	1.0	0	1.322707176208496	141500	589.5970916748047	49918	64.72226148409894	
1.0	0.5938248617463032	70.198	12.22	88.732	58.198	0.9960133117305418	{a}and(xor({c}{b}){d}){e}xor({h}{g})	1	283	0.9641198055751996	0	383	20	571	371	19	4	12	7	1.0	0	0	1.0	0	1.5123131275177002	142000	591.1094048023224	50065	64.74295774647888	
1.0	0.5984641850329703	74.404	12.364	94.98	62.404	0.9960133117305418	{a}and(xor({c}{b}){d}){e}xor({h}{g})	1	284	0.9641198055751996	0	490	20	735	478	19	4	12	7	1.0	0	0	1.0	0	1.4661312103271484	142500	592.5755360126495	50226	64.75368421052632	
1.0	0.5871758528321925	71.366	12.058	90.476	59.366	0.9960133117305418	{a}and(xor({c}{b}){d}){e}xor({h}{g})	1	285	0.9641198055751996	0	499	20	747	487	19	4	12	7	1.0	0	0	1.0	0	1.9128191471099854	143000	594.4883551597595	50377	64.77132867132866	
1.0	0.5715805645397658	76.648	12.388	98.484	64.648	0.9960133117305418	{a}and(xor({c}{b}){d}){e}xor({h}{g})	1	286	0.9641198055751996	0	490	20	731	478	19	4	12	7	1.0	0	0	1.0	0	1.5818538665771484	143500	596.0702090263367	50535	64.78397212543554	
1.0	0.5523624023920661	73.174	12.218	93.268	61.174	0.9960133117305418	{a}and(xor({c}{b}){d}){e}xor({h}{g})	1	287	0.9641198055751996	0	462	20	692	450	19	4	12	7	1.0	0	0	1.0	0	1.7066171169281006	144000	597.7768261432648	50699	64.79236111111112	
1.0	0.5569244854710291	69.436	12.058	87.446	57.436	0.9960133117305418	{a}and(xor({c}{b}){d}){e}xor({h}{g})	1	288	0.9641198055751996	0	455	20	667	443	19	4	12	7	1.0	0	0	1.0	0	1.5654032230377197	144500	599.3422293663025	50857	64.80484429065743	
1.0	0.642807891585291	67.73	11.868	84.916	55.73	0.9960133117305418	{a}and(xor({c}{b}){d}){e}xor({h}{g})	1	289	0.9641198055751996	0	452	20	684	440	19	4	12	7	1.0	0	0	1.0	0	1.181934118270874	145000	600.5241634845734	50990	64.83448275862068	
1.0	0.5529960892618205	73.168	12.12	93.176	61.168	0.9960133117305418	{a}and(xor({c}{b}){d}){e}xor({h}{g})	1	290	0.9641198055751996	0	492	20	743	480	22	5	16	10	1.0	0	0	1.0	0	2.240199565887451	145500	602.7643630504608	51131	64.85841924398625	
1.0	0.56853866075273	72.706	12.3	92.542	60.706	0.9960133117305418	{a}and(xor({c}{b}){d}){e}xor({h}{g})	1	291	0.9641198055751996	0	494	20	740	482	19	4	12	7	1.0	0	0	1.0	0	1.483520746231079	146000	604.2478837966919	51275	64.88013698630137	
1.0	0.5960479819626544	73.094	12.33	93.168	61.094	0.9960133117305418	{a}and(xor({c}{b}){d}){e}xor({h}{g})	1	292	0.9641198055751996	0	492	20	731	480	19	4	12	7	1.0	0	0	1.0	0	1.544550895690918	146500	605.7924346923828	51428	64.89556313993174	
1.0	0.5774113772569482	70.632	12.172	89.358	58.632	0.9960133117305418	{a}and(xor({c}{b}){d}){e}xor({h}{g})	1	293	0.9641198055751996	0	435	20	642	423	19	4	12	7	1.0	0	0	1.0	0	1.3133623600006104	147000	607.1057970523834	51571	64.91768707482993	
1.0	0.5709709581790757	71.506	12.066	90.644	59.506	0.9960133117305418	{a}and(xor({c}{b}){d}){e}xor({h}{g})	1	294	0.9641198055751996	0	449	20	667	437	19	4	12	7	1.0	0	0	1.0	0	1.5461018085479736	147500	608.6518988609314	51715	64.93898305084747	
1.0	0.5612605578530234	72.866	12.176	92.748	60.866	0.9960133117305418	{a}and(xor({c}{b}){d}){e}xor({h}{g})	1	295	0.9641198055751996	0	389	20	570	377	19	4	12	7	1.0	0	0	1.0	0	1.403599739074707	148000	610.0554986000061	51861	64.95878378378379	
1.0	0.5394342055391278	76.714	12.324	98.496	64.714	0.9960133117305418	{a}and(xor({c}{b}){d}){e}xor({h}{g})	1	296	0.9641198055751996	0	473	20	704	461	19	4	12	7	1.0	0	0	1.0	0	1.5924859046936035	148500	611.6479845046997	52018	64.97104377104378	
1.0	0.5724766164576356	71.142	12.132	90.114	59.142	0.9960133117305418	{a}and(xor({c}{b}){d}){e}xor({h}{g})	1	297	0.9641198055751996	0	470	20	697	458	19	4	12	7	1.0	0	0	1.0	0	1.8250772953033447	149000	613.473061800003	52167	64.98859060402685	
1.0	0.5588058524611058	70.556	12.146	89.288	58.556	0.9960133117305418	{a}and(xor({c}{b}){d}){e}xor({h}{g})	1	298	0.9641198055751996	0	402	20	592	390	19	4	12	7	1.0	0	0	1.0	0	2.0558741092681885	149500	615.5289359092712	52312	65.00869565217391	
1.0	0.5622103796380007	74.688	12.246	95.552	62.688	0.9960133117305418	{a}and(xor({c}{b}){d}){e}xor({h}{g})	1	299	0.9641198055751996	0	441	20	656	429	19	4	12	7	1.0	0	0	1.0	0	1.4384100437164307	150000	616.9673459529877	52476	65.01599999999999	
1.0	0.5894134659595522	70.404	12.028	89.012	58.404	0.9960133117305418	{a}and(xor({c}{b}){d}){e}xor({h}{g})	1	300	0.9641198055751996	0	452	20	686	440	19	4	12	7	1.0	0	0	1.0	0	2.017518997192383	150500	618.98486495018	52633	65.02790697674419	
1.0	0.5899533689232098	67.618	11.918	84.732	55.618	0.9960133117305418	{a}and(xor({c}{b}){d}){e}xor({h}{g})	1	301	0.9641198055751996	0	406	20	600	394	19	4	12	7	1.0	0	0	1.0	0	1.3717265129089355	151000	620.356591463089	52775	65.04966887417218	
1.0	0.582891906430171	72.932	12.368	92.778	60.932	0.9960133117305418	{a}and(xor({c}{b}){d}){e}xor({h}{g})	1	302	0.9641198055751996	0	460	20	690	448	19	4	12	7	1.0	0	0	1.0	0	1.7455644607543945	151500	622.1021559238434	52931	65.06204620462046	
1.0	0.5780664225057384	68.57	11.802	86.192	56.57	0.9960133117305418	{a}and(xor({c}{b}){d}){e}xor({h}{g})	1	303	0.9641198055751996	0	464	20	695	452	19	4	12	7	1.0	0	0	1.0	0	1.2124395370483398	152000	623.3145954608917	53074	65.0828947368421	
